id,text,isAllDay,isRecommended,isSynced,idGoogleEvent,createdAt,updatedAt,endAt,startAt,idType
123,Morning Routine,0,0,0,,2021-12-30 01:34:02.442,2021-12-30 01:34:02.442,2021-12-30 10:00:00,2021-12-30 08:00:00,127
124,Morning Routine,0,0,0,,2021-12-30 01:34:02.49,2021-12-30 01:34:02.49,2021-12-31 10:00:00,2021-12-31 08:00:00,127
125,Morning Routine,0,0,0,,2021-12-30 01:34:02.516,2021-12-30 01:34:02.516,2022-01-01 10:00:00,2022-01-01 08:00:00,127
126,Morning Routine,0,0,0,,2021-12-30 01:34:02.543,2021-12-30 01:34:02.543,2022-01-02 10:00:00,2022-01-02 08:00:00,127
127,Morning Routine,0,0,0,,2021-12-30 01:34:02.573,2021-12-30 01:34:02.573,2022-01-03 10:00:00,2022-01-03 08:00:00,127
128,Morning Routine,0,0,0,,2021-12-30 01:34:02.606,2021-12-30 01:34:02.606,2022-01-04 10:00:00,2022-01-04 08:00:00,127
129,Morning Routine,0,0,0,,2021-12-30 01:34:02.636,2021-12-30 01:34:02.636,2022-01-05 10:00:00,2022-01-05 08:00:00,127
304,Morning Routine,0,0,0,,2022-01-07 18:02:26.462,2022-01-07 18:02:26.462,2022-01-06 10:00:00,2022-01-06 08:00:00,127
305,Morning Routine,0,0,0,,2022-01-07 18:02:26.478,2022-01-07 18:02:26.478,2022-01-07 10:00:00,2022-01-07 08:00:00,127
1163,Morning Joy,0,0,0,,2022-01-08 18:46:05.402,2022-01-08 18:46:05.401,2022-01-10 08:00:00,2022-01-10 06:00:00,125
1164,Morning Joy,0,0,0,,2022-01-08 18:46:05.421,2022-01-08 18:46:05.421,2022-01-11 08:00:00,2022-01-11 06:00:00,125
1165,Morning Joy,0,0,0,,2022-01-08 18:46:05.433,2022-01-08 18:46:05.433,2022-01-12 08:00:00,2022-01-12 06:00:00,125
1166,Morning Joy,0,0,0,,2022-01-08 18:46:05.445,2022-01-08 18:46:05.445,2022-01-13 08:00:00,2022-01-13 06:00:00,125
1167,Morning Joy,0,0,0,,2022-01-08 18:46:05.458,2022-01-08 18:46:05.458,2022-01-14 08:00:00,2022-01-14 06:00:00,125
1168,Morning Joy,0,0,0,,2022-01-08 18:46:05.47,2022-01-08 18:46:05.47,2022-01-17 08:00:00,2022-01-17 06:00:00,125
1169,Morning Joy,0,0,0,,2022-01-08 18:46:05.482,2022-01-08 18:46:05.482,2022-01-18 08:00:00,2022-01-18 06:00:00,125
1170,Morning Joy,0,0,0,,2022-01-08 18:46:05.494,2022-01-08 18:46:05.494,2022-01-19 08:00:00,2022-01-19 06:00:00,125
1171,Morning Joy,0,0,0,,2022-01-08 18:46:05.506,2022-01-08 18:46:05.506,2022-01-20 08:00:00,2022-01-20 06:00:00,125
1172,Morning Joy,0,0,0,,2022-01-08 18:46:05.518,2022-01-08 18:46:05.518,2022-01-21 08:00:00,2022-01-21 06:00:00,125
1173,Morning Joy,0,0,0,,2022-01-08 18:46:05.53,2022-01-08 18:46:05.53,2022-01-24 08:00:00,2022-01-24 06:00:00,125
1174,Morning Joy,0,0,0,,2022-01-08 18:46:05.541,2022-01-08 18:46:05.541,2022-01-25 08:00:00,2022-01-25 06:00:00,125
1175,Morning Joy,0,0,0,,2022-01-08 18:46:05.553,2022-01-08 18:46:05.553,2022-01-26 08:00:00,2022-01-26 06:00:00,125
1176,Morning Joy,0,0,0,,2022-01-08 18:46:05.565,2022-01-08 18:46:05.565,2022-01-27 08:00:00,2022-01-27 06:00:00,125
1177,Morning Joy,0,0,0,,2022-01-08 18:46:05.578,2022-01-08 18:46:05.578,2022-01-28 08:00:00,2022-01-28 06:00:00,125
1178,Morning Joy,0,0,0,,2022-01-08 18:46:05.589,2022-01-08 18:46:05.59,2022-01-31 08:00:00,2022-01-31 06:00:00,125
1179,Morning Joy,0,0,0,,2022-01-08 18:46:05.603,2022-01-08 18:46:05.603,2022-02-01 08:00:00,2022-02-01 06:00:00,125
1180,Morning Joy,0,0,0,,2022-01-08 18:46:05.617,2022-01-08 18:46:05.617,2022-02-02 08:00:00,2022-02-02 06:00:00,125
1181,Morning Joy,0,0,0,,2022-01-08 18:46:05.628,2022-01-08 18:46:05.628,2022-02-03 08:00:00,2022-02-03 06:00:00,125
1182,Morning Joy,0,0,0,,2022-01-08 18:46:05.64,2022-01-08 18:46:05.64,2022-02-04 08:00:00,2022-02-04 06:00:00,125
1183,Morning Joy,0,0,0,,2022-01-08 18:46:05.651,2022-01-08 18:46:05.651,2022-02-07 08:00:00,2022-02-07 06:00:00,125
1184,Morning Joy,0,0,0,,2022-01-08 18:46:05.663,2022-01-08 18:46:05.663,2022-02-08 08:00:00,2022-02-08 06:00:00,125
1185,Morning Joy,0,0,0,,2022-01-08 18:46:05.675,2022-01-08 18:46:05.675,2022-02-09 08:00:00,2022-02-09 06:00:00,125
1186,Morning Joy,0,0,0,,2022-01-08 18:46:05.687,2022-01-08 18:46:05.687,2022-02-10 08:00:00,2022-02-10 06:00:00,125
1187,Morning Joy,0,0,0,,2022-01-08 18:46:05.699,2022-01-08 18:46:05.699,2022-02-11 08:00:00,2022-02-11 06:00:00,125
1188,Morning Joy,0,0,0,,2022-01-08 18:46:05.711,2022-01-08 18:46:05.711,2022-02-14 08:00:00,2022-02-14 06:00:00,125
1189,Morning Joy,0,0,0,,2022-01-08 18:46:05.723,2022-01-08 18:46:05.723,2022-02-15 08:00:00,2022-02-15 06:00:00,125
1190,Morning Joy,0,0,0,,2022-01-08 18:46:05.736,2022-01-08 18:46:05.736,2022-02-16 08:00:00,2022-02-16 06:00:00,125
1191,Morning Joy,0,0,0,,2022-01-08 18:46:05.747,2022-01-08 18:46:05.747,2022-02-17 08:00:00,2022-02-17 06:00:00,125
1192,Morning Joy,0,0,0,,2022-01-08 18:46:05.759,2022-01-08 18:46:05.759,2022-02-18 08:00:00,2022-02-18 06:00:00,125
1193,Morning Joy,0,0,0,,2022-01-08 18:46:05.772,2022-01-08 18:46:05.772,2022-02-21 08:00:00,2022-02-21 06:00:00,125
1194,Morning Joy,0,0,0,,2022-01-08 18:46:05.784,2022-01-08 18:46:05.784,2022-02-22 08:00:00,2022-02-22 06:00:00,125
1195,Morning Joy,0,0,0,,2022-01-08 18:46:05.796,2022-01-08 18:46:05.796,2022-02-23 08:00:00,2022-02-23 06:00:00,125
1196,Morning Joy,0,0,0,,2022-01-08 18:46:05.82,2022-01-08 18:46:05.82,2022-02-24 08:00:00,2022-02-24 06:00:00,125
1197,Morning Joy,0,0,0,,2022-01-08 18:46:05.858,2022-01-08 18:46:05.858,2022-02-25 08:00:00,2022-02-25 06:00:00,125
1198,Morning Joy,0,0,0,,2022-01-08 18:46:05.887,2022-01-08 18:46:05.887,2022-02-28 08:00:00,2022-02-28 06:00:00,125
1199,Morning Joy,0,0,0,,2022-01-08 18:46:05.903,2022-01-08 18:46:05.903,2022-03-01 08:00:00,2022-03-01 06:00:00,125
1200,Morning Joy,0,0,0,,2022-01-08 18:46:05.917,2022-01-08 18:46:05.917,2022-03-02 08:00:00,2022-03-02 06:00:00,125
1201,Morning Joy,0,0,0,,2022-01-08 18:46:05.931,2022-01-08 18:46:05.931,2022-03-03 08:00:00,2022-03-03 06:00:00,125
1202,Morning Joy,0,0,0,,2022-01-08 18:46:05.944,2022-01-08 18:46:05.944,2022-03-04 08:00:00,2022-03-04 06:00:00,125
1203,Morning Joy,0,0,0,,2022-01-08 18:46:05.956,2022-01-08 18:46:05.956,2022-03-07 08:00:00,2022-03-07 06:00:00,125
1204,Morning Joy,0,0,0,,2022-01-08 18:46:05.969,2022-01-08 18:46:05.969,2022-03-08 08:00:00,2022-03-08 06:00:00,125
1205,Morning Joy,0,0,0,,2022-01-08 18:46:05.981,2022-01-08 18:46:05.981,2022-03-09 08:00:00,2022-03-09 06:00:00,125
1206,Morning Joy,0,0,0,,2022-01-08 18:46:05.994,2022-01-08 18:46:05.994,2022-03-10 08:00:00,2022-03-10 06:00:00,125
1207,Morning Joy,0,0,0,,2022-01-08 18:46:06.007,2022-01-08 18:46:06.007,2022-03-11 08:00:00,2022-03-11 06:00:00,125
1208,Night Routine,0,0,0,,2022-01-08 18:46:13.713,2022-01-08 18:46:13.713,2022-01-08 22:00:00,2022-01-08 21:00:00,127
1209,Night Routine,0,0,0,,2022-01-08 18:46:13.725,2022-01-08 18:46:13.725,2022-01-09 22:00:00,2022-01-09 21:00:00,127
1210,Night Routine,0,0,0,,2022-01-08 18:46:13.737,2022-01-08 18:46:13.737,2022-01-10 22:00:00,2022-01-10 21:00:00,127
1211,Night Routine,0,0,0,,2022-01-08 18:46:13.75,2022-01-08 18:46:13.749,2022-01-11 22:00:00,2022-01-11 21:00:00,127
1212,Night Routine,0,0,0,,2022-01-08 18:46:13.762,2022-01-08 18:46:13.762,2022-01-12 22:00:00,2022-01-12 21:00:00,127
1213,Night Routine,0,0,0,,2022-01-08 18:46:13.776,2022-01-08 18:46:13.776,2022-01-13 22:00:00,2022-01-13 21:00:00,127
1214,Night Routine,0,0,0,,2022-01-08 18:46:13.79,2022-01-08 18:46:13.79,2022-01-14 22:00:00,2022-01-14 21:00:00,127
1215,Night Routine,0,0,0,,2022-01-08 18:46:13.803,2022-01-08 18:46:13.802,2022-01-15 22:00:00,2022-01-15 21:00:00,127
1216,Night Routine,0,0,0,,2022-01-08 18:46:13.815,2022-01-08 18:46:13.815,2022-01-16 22:00:00,2022-01-16 21:00:00,127
1217,Night Routine,0,0,0,,2022-01-08 18:46:13.827,2022-01-08 18:46:13.827,2022-01-17 22:00:00,2022-01-17 21:00:00,127
1218,Night Routine,0,0,0,,2022-01-08 18:46:13.84,2022-01-08 18:46:13.84,2022-01-18 22:00:00,2022-01-18 21:00:00,127
1219,Night Routine,0,0,0,,2022-01-08 18:46:13.853,2022-01-08 18:46:13.853,2022-01-19 22:00:00,2022-01-19 21:00:00,127
1220,Night Routine,0,0,0,,2022-01-08 18:46:13.865,2022-01-08 18:46:13.865,2022-01-20 22:00:00,2022-01-20 21:00:00,127
1221,Night Routine,0,0,0,,2022-01-08 18:46:13.877,2022-01-08 18:46:13.877,2022-01-21 22:00:00,2022-01-21 21:00:00,127
1222,Night Routine,0,0,0,,2022-01-08 18:46:13.889,2022-01-08 18:46:13.889,2022-01-22 22:00:00,2022-01-22 21:00:00,127
1223,Night Routine,0,0,0,,2022-01-08 18:46:13.902,2022-01-08 18:46:13.902,2022-01-23 22:00:00,2022-01-23 21:00:00,127
1224,Night Routine,0,0,0,,2022-01-08 18:46:13.914,2022-01-08 18:46:13.914,2022-01-24 22:00:00,2022-01-24 21:00:00,127
1225,Night Routine,0,0,0,,2022-01-08 18:46:13.927,2022-01-08 18:46:13.926,2022-01-25 22:00:00,2022-01-25 21:00:00,127
1226,Night Routine,0,0,0,,2022-01-08 18:46:13.939,2022-01-08 18:46:13.939,2022-01-26 22:00:00,2022-01-26 21:00:00,127
1227,Night Routine,0,0,0,,2022-01-08 18:46:13.952,2022-01-08 18:46:13.952,2022-01-27 22:00:00,2022-01-27 21:00:00,127
1228,Night Routine,0,0,0,,2022-01-08 18:46:13.964,2022-01-08 18:46:13.964,2022-01-28 22:00:00,2022-01-28 21:00:00,127
1229,Night Routine,0,0,0,,2022-01-08 18:46:13.976,2022-01-08 18:46:13.976,2022-01-29 22:00:00,2022-01-29 21:00:00,127
1230,Night Routine,0,0,0,,2022-01-08 18:46:13.989,2022-01-08 18:46:13.989,2022-01-30 22:00:00,2022-01-30 21:00:00,127
1231,Night Routine,0,0,0,,2022-01-08 18:46:14.005,2022-01-08 18:46:14.005,2022-01-31 22:00:00,2022-01-31 21:00:00,127
1232,Night Routine,0,0,0,,2022-01-08 18:46:14.02,2022-01-08 18:46:14.02,2022-02-01 22:00:00,2022-02-01 21:00:00,127
1233,Night Routine,0,0,0,,2022-01-08 18:46:14.032,2022-01-08 18:46:14.032,2022-02-02 22:00:00,2022-02-02 21:00:00,127
1234,Night Routine,0,0,0,,2022-01-08 18:46:14.045,2022-01-08 18:46:14.045,2022-02-03 22:00:00,2022-02-03 21:00:00,127
1235,Night Routine,0,0,0,,2022-01-08 18:46:14.058,2022-01-08 18:46:14.058,2022-02-04 22:00:00,2022-02-04 21:00:00,127
1236,Night Routine,0,0,0,,2022-01-08 18:46:14.071,2022-01-08 18:46:14.071,2022-02-05 22:00:00,2022-02-05 21:00:00,127
1237,Night Routine,0,0,0,,2022-01-08 18:46:14.083,2022-01-08 18:46:14.083,2022-02-06 22:00:00,2022-02-06 21:00:00,127
1238,Night Routine,0,0,0,,2022-01-08 18:46:14.095,2022-01-08 18:46:14.095,2022-02-07 22:00:00,2022-02-07 21:00:00,127
1239,Night Routine,0,0,0,,2022-01-08 18:46:14.107,2022-01-08 18:46:14.107,2022-02-08 22:00:00,2022-02-08 21:00:00,127
1240,Night Routine,0,0,0,,2022-01-08 18:46:14.12,2022-01-08 18:46:14.12,2022-02-09 22:00:00,2022-02-09 21:00:00,127
1241,Night Routine,0,0,0,,2022-01-08 18:46:14.132,2022-01-08 18:46:14.132,2022-02-10 22:00:00,2022-02-10 21:00:00,127
1242,Night Routine,0,0,0,,2022-01-08 18:46:14.144,2022-01-08 18:46:14.144,2022-02-11 22:00:00,2022-02-11 21:00:00,127
1243,Night Routine,0,0,0,,2022-01-08 18:46:14.156,2022-01-08 18:46:14.156,2022-02-12 22:00:00,2022-02-12 21:00:00,127
1244,Night Routine,0,0,0,,2022-01-08 18:46:14.169,2022-01-08 18:46:14.169,2022-02-13 22:00:00,2022-02-13 21:00:00,127
1245,Night Routine,0,0,0,,2022-01-08 18:46:14.181,2022-01-08 18:46:14.181,2022-02-14 22:00:00,2022-02-14 21:00:00,127
1246,Night Routine,0,0,0,,2022-01-08 18:46:14.194,2022-01-08 18:46:14.194,2022-02-15 22:00:00,2022-02-15 21:00:00,127
1247,Night Routine,0,0,0,,2022-01-08 18:46:14.206,2022-01-08 18:46:14.206,2022-02-16 22:00:00,2022-02-16 21:00:00,127
1248,Night Routine,0,0,0,,2022-01-08 18:46:14.219,2022-01-08 18:46:14.219,2022-02-17 22:00:00,2022-02-17 21:00:00,127
1249,Night Routine,0,0,0,,2022-01-08 18:46:14.231,2022-01-08 18:46:14.231,2022-02-18 22:00:00,2022-02-18 21:00:00,127
1250,Night Routine,0,0,0,,2022-01-08 18:46:14.243,2022-01-08 18:46:14.243,2022-02-19 22:00:00,2022-02-19 21:00:00,127
1251,Night Routine,0,0,0,,2022-01-08 18:46:14.256,2022-01-08 18:46:14.256,2022-02-20 22:00:00,2022-02-20 21:00:00,127
1252,Night Routine,0,0,0,,2022-01-08 18:46:14.269,2022-01-08 18:46:14.269,2022-02-21 22:00:00,2022-02-21 21:00:00,127
1253,Night Routine,0,0,0,,2022-01-08 18:46:14.283,2022-01-08 18:46:14.283,2022-02-22 22:00:00,2022-02-22 21:00:00,127
1254,Night Routine,0,0,0,,2022-01-08 18:46:14.295,2022-01-08 18:46:14.295,2022-02-23 22:00:00,2022-02-23 21:00:00,127
1255,Night Routine,0,0,0,,2022-01-08 18:46:14.308,2022-01-08 18:46:14.308,2022-02-24 22:00:00,2022-02-24 21:00:00,127
1256,Night Routine,0,0,0,,2022-01-08 18:46:14.321,2022-01-08 18:46:14.321,2022-02-25 22:00:00,2022-02-25 21:00:00,127
1257,Night Routine,0,0,0,,2022-01-08 18:46:14.333,2022-01-08 18:46:14.333,2022-02-26 22:00:00,2022-02-26 21:00:00,127
1258,Night Routine,0,0,0,,2022-01-08 18:46:14.346,2022-01-08 18:46:14.346,2022-02-27 22:00:00,2022-02-27 21:00:00,127
1259,Night Routine,0,0,0,,2022-01-08 18:46:14.358,2022-01-08 18:46:14.358,2022-02-28 22:00:00,2022-02-28 21:00:00,127
1260,Night Routine,0,0,0,,2022-01-08 18:46:14.373,2022-01-08 18:46:14.373,2022-03-01 22:00:00,2022-03-01 21:00:00,127
1261,Night Routine,0,0,0,,2022-01-08 18:46:14.386,2022-01-08 18:46:14.386,2022-03-02 22:00:00,2022-03-02 21:00:00,127
1262,Night Routine,0,0,0,,2022-01-08 18:46:14.398,2022-01-08 18:46:14.398,2022-03-03 22:00:00,2022-03-03 21:00:00,127
1263,Night Routine,0,0,0,,2022-01-08 18:46:14.411,2022-01-08 18:46:14.411,2022-03-04 22:00:00,2022-03-04 21:00:00,127
1264,Night Routine,0,0,0,,2022-01-08 18:46:14.424,2022-01-08 18:46:14.424,2022-03-05 22:00:00,2022-03-05 21:00:00,127
1265,Night Routine,0,0,0,,2022-01-08 18:46:14.437,2022-01-08 18:46:14.437,2022-03-06 22:00:00,2022-03-06 21:00:00,127
1266,Night Routine,0,0,0,,2022-01-08 18:46:14.45,2022-01-08 18:46:14.45,2022-03-07 22:00:00,2022-03-07 21:00:00,127
1267,Night Routine,0,0,0,,2022-01-08 18:46:14.465,2022-01-08 18:46:14.465,2022-03-08 22:00:00,2022-03-08 21:00:00,127
1268,Morning Routine,0,0,0,,2022-01-08 18:46:14.716,2022-01-08 18:46:14.716,2022-01-08 10:00:00,2022-01-08 08:00:00,127
1269,Morning Routine,0,0,0,,2022-01-08 18:46:14.728,2022-01-08 18:46:14.728,2022-01-09 10:00:00,2022-01-09 08:00:00,127
1270,Morning Routine,0,0,0,,2022-01-08 18:46:14.74,2022-01-08 18:46:14.74,2022-01-10 10:00:00,2022-01-10 08:00:00,127
1271,Morning Routine,0,0,0,,2022-01-08 18:46:14.752,2022-01-08 18:46:14.752,2022-01-11 10:00:00,2022-01-11 08:00:00,127
1272,Morning Routine,0,0,0,,2022-01-08 18:46:14.764,2022-01-08 18:46:14.764,2022-01-12 10:00:00,2022-01-12 08:00:00,127
1273,Morning Routine,0,0,0,,2022-01-08 18:46:14.776,2022-01-08 18:46:14.776,2022-01-13 10:00:00,2022-01-13 08:00:00,127
1274,Morning Routine,0,0,0,,2022-01-08 18:46:14.79,2022-01-08 18:46:14.79,2022-01-14 10:00:00,2022-01-14 08:00:00,127
1275,Morning Routine,0,0,0,,2022-01-08 18:46:14.803,2022-01-08 18:46:14.803,2022-01-15 10:00:00,2022-01-15 08:00:00,127
1276,Morning Routine,0,0,0,,2022-01-08 18:46:14.815,2022-01-08 18:46:14.815,2022-01-16 10:00:00,2022-01-16 08:00:00,127
1277,Morning Routine,0,0,0,,2022-01-08 18:46:14.827,2022-01-08 18:46:14.827,2022-01-17 10:00:00,2022-01-17 08:00:00,127
1278,Morning Routine,0,0,0,,2022-01-08 18:46:14.84,2022-01-08 18:46:14.84,2022-01-18 10:00:00,2022-01-18 08:00:00,127
1279,Morning Routine,0,0,0,,2022-01-08 18:46:14.853,2022-01-08 18:46:14.853,2022-01-19 10:00:00,2022-01-19 08:00:00,127
1280,Morning Routine,0,0,0,,2022-01-08 18:46:14.866,2022-01-08 18:46:14.866,2022-01-20 10:00:00,2022-01-20 08:00:00,127
1281,Morning Routine,0,0,0,,2022-01-08 18:46:14.878,2022-01-08 18:46:14.878,2022-01-21 10:00:00,2022-01-21 08:00:00,127
1282,Morning Routine,0,0,0,,2022-01-08 18:46:14.894,2022-01-08 18:46:14.894,2022-01-22 10:00:00,2022-01-22 08:00:00,127
1283,Morning Routine,0,0,0,,2022-01-08 18:46:14.908,2022-01-08 18:46:14.908,2022-01-23 10:00:00,2022-01-23 08:00:00,127
1284,Morning Routine,0,0,0,,2022-01-08 18:46:14.921,2022-01-08 18:46:14.921,2022-01-24 10:00:00,2022-01-24 08:00:00,127
1285,Morning Routine,0,0,0,,2022-01-08 18:46:14.936,2022-01-08 18:46:14.936,2022-01-25 10:00:00,2022-01-25 08:00:00,127
1286,Morning Routine,0,0,0,,2022-01-08 18:46:14.947,2022-01-08 18:46:14.947,2022-01-26 10:00:00,2022-01-26 08:00:00,127
1287,Morning Routine,0,0,0,,2022-01-08 18:46:14.961,2022-01-08 18:46:14.961,2022-01-27 10:00:00,2022-01-27 08:00:00,127
1288,Morning Routine,0,0,0,,2022-01-08 18:46:14.974,2022-01-08 18:46:14.974,2022-01-28 10:00:00,2022-01-28 08:00:00,127
1289,Morning Routine,0,0,0,,2022-01-08 18:46:14.986,2022-01-08 18:46:14.986,2022-01-29 10:00:00,2022-01-29 08:00:00,127
1290,Morning Routine,0,0,0,,2022-01-08 18:46:14.999,2022-01-08 18:46:14.999,2022-01-30 10:00:00,2022-01-30 08:00:00,127
1291,Morning Routine,0,0,0,,2022-01-08 18:46:15.011,2022-01-08 18:46:15.011,2022-01-31 10:00:00,2022-01-31 08:00:00,127
1292,Morning Routine,0,0,0,,2022-01-08 18:46:15.027,2022-01-08 18:46:15.027,2022-02-01 10:00:00,2022-02-01 08:00:00,127
1293,Morning Routine,0,0,0,,2022-01-08 18:46:15.04,2022-01-08 18:46:15.04,2022-02-02 10:00:00,2022-02-02 08:00:00,127
1294,Morning Routine,0,0,0,,2022-01-08 18:46:15.055,2022-01-08 18:46:15.055,2022-02-03 10:00:00,2022-02-03 08:00:00,127
1295,Morning Routine,0,0,0,,2022-01-08 18:46:15.067,2022-01-08 18:46:15.067,2022-02-04 10:00:00,2022-02-04 08:00:00,127
1296,Morning Routine,0,0,0,,2022-01-08 18:46:15.079,2022-01-08 18:46:15.079,2022-02-05 10:00:00,2022-02-05 08:00:00,127
1297,Morning Routine,0,0,0,,2022-01-08 18:46:15.092,2022-01-08 18:46:15.092,2022-02-06 10:00:00,2022-02-06 08:00:00,127
1298,Morning Routine,0,0,0,,2022-01-08 18:46:15.107,2022-01-08 18:46:15.107,2022-02-07 10:00:00,2022-02-07 08:00:00,127
1299,Morning Routine,0,0,0,,2022-01-08 18:46:15.121,2022-01-08 18:46:15.121,2022-02-08 10:00:00,2022-02-08 08:00:00,127
1300,Morning Routine,0,0,0,,2022-01-08 18:46:15.135,2022-01-08 18:46:15.135,2022-02-09 10:00:00,2022-02-09 08:00:00,127
1301,Morning Routine,0,0,0,,2022-01-08 18:46:15.15,2022-01-08 18:46:15.15,2022-02-10 10:00:00,2022-02-10 08:00:00,127
1302,Morning Routine,0,0,0,,2022-01-08 18:46:15.163,2022-01-08 18:46:15.163,2022-02-11 10:00:00,2022-02-11 08:00:00,127
1303,Morning Routine,0,0,0,,2022-01-08 18:46:15.176,2022-01-08 18:46:15.176,2022-02-12 10:00:00,2022-02-12 08:00:00,127
1304,Morning Routine,0,0,0,,2022-01-08 18:46:15.189,2022-01-08 18:46:15.189,2022-02-13 10:00:00,2022-02-13 08:00:00,127
1305,Morning Routine,0,0,0,,2022-01-08 18:46:15.204,2022-01-08 18:46:15.204,2022-02-14 10:00:00,2022-02-14 08:00:00,127
1306,Morning Routine,0,0,0,,2022-01-08 18:46:15.219,2022-01-08 18:46:15.219,2022-02-15 10:00:00,2022-02-15 08:00:00,127
1307,Morning Routine,0,0,0,,2022-01-08 18:46:15.232,2022-01-08 18:46:15.232,2022-02-16 10:00:00,2022-02-16 08:00:00,127
1308,Morning Routine,0,0,0,,2022-01-08 18:46:15.244,2022-01-08 18:46:15.244,2022-02-17 10:00:00,2022-02-17 08:00:00,127
1309,Morning Routine,0,0,0,,2022-01-08 18:46:15.257,2022-01-08 18:46:15.257,2022-02-18 10:00:00,2022-02-18 08:00:00,127
1310,Morning Routine,0,0,0,,2022-01-08 18:46:15.269,2022-01-08 18:46:15.269,2022-02-19 10:00:00,2022-02-19 08:00:00,127
1311,Morning Routine,0,0,0,,2022-01-08 18:46:15.281,2022-01-08 18:46:15.281,2022-02-20 10:00:00,2022-02-20 08:00:00,127
1312,Morning Routine,0,0,0,,2022-01-08 18:46:15.294,2022-01-08 18:46:15.294,2022-02-21 10:00:00,2022-02-21 08:00:00,127
1313,Morning Routine,0,0,0,,2022-01-08 18:46:15.308,2022-01-08 18:46:15.308,2022-02-22 10:00:00,2022-02-22 08:00:00,127
1314,Morning Routine,0,0,0,,2022-01-08 18:46:15.322,2022-01-08 18:46:15.322,2022-02-23 10:00:00,2022-02-23 08:00:00,127
1315,Morning Routine,0,0,0,,2022-01-08 18:46:15.336,2022-01-08 18:46:15.336,2022-02-24 10:00:00,2022-02-24 08:00:00,127
1316,Morning Routine,0,0,0,,2022-01-08 18:46:15.35,2022-01-08 18:46:15.35,2022-02-25 10:00:00,2022-02-25 08:00:00,127
1317,Morning Routine,0,0,0,,2022-01-08 18:46:15.362,2022-01-08 18:46:15.363,2022-02-26 10:00:00,2022-02-26 08:00:00,127
1318,Morning Routine,0,0,0,,2022-01-08 18:46:15.375,2022-01-08 18:46:15.375,2022-02-27 10:00:00,2022-02-27 08:00:00,127
1319,Morning Routine,0,0,0,,2022-01-08 18:46:15.387,2022-01-08 18:46:15.387,2022-02-28 10:00:00,2022-02-28 08:00:00,127
1320,Morning Routine,0,0,0,,2022-01-08 18:46:15.4,2022-01-08 18:46:15.4,2022-03-01 10:00:00,2022-03-01 08:00:00,127
1321,Morning Routine,0,0,0,,2022-01-08 18:46:15.412,2022-01-08 18:46:15.412,2022-03-02 10:00:00,2022-03-02 08:00:00,127
1322,Morning Routine,0,0,0,,2022-01-08 18:46:15.425,2022-01-08 18:46:15.425,2022-03-03 10:00:00,2022-03-03 08:00:00,127
1323,Morning Routine,0,0,0,,2022-01-08 18:46:15.438,2022-01-08 18:46:15.438,2022-03-04 10:00:00,2022-03-04 08:00:00,127
1324,Morning Routine,0,0,0,,2022-01-08 18:46:15.45,2022-01-08 18:46:15.45,2022-03-05 10:00:00,2022-03-05 08:00:00,127
1325,Morning Routine,0,0,0,,2022-01-08 18:46:15.462,2022-01-08 18:46:15.462,2022-03-06 10:00:00,2022-03-06 08:00:00,127
1326,Morning Routine,0,0,0,,2022-01-08 18:46:15.475,2022-01-08 18:46:15.475,2022-03-07 10:00:00,2022-03-07 08:00:00,127
1327,Morning Routine,0,0,0,,2022-01-08 18:46:15.489,2022-01-08 18:46:15.489,2022-03-08 10:00:00,2022-03-08 08:00:00,127
1328,Morning Joy,0,0,0,,2022-03-09 14:27:15.973,2022-03-09 14:27:15.972,2022-03-08 08:00:00,2022-03-08 06:00:00,125
1329,Morning Joy,0,0,0,,2022-03-09 14:27:16.065,2022-03-09 14:27:16.065,2022-03-09 08:00:00,2022-03-09 06:00:00,125
1330,Morning Joy,0,0,0,,2022-03-09 14:27:16.074,2022-03-09 14:27:16.074,2022-03-10 08:00:00,2022-03-10 06:00:00,125
1331,Morning Joy,0,0,0,,2022-03-09 14:27:16.083,2022-03-09 14:27:16.083,2022-03-11 08:00:00,2022-03-11 06:00:00,125
1332,Morning Joy,0,0,0,,2022-03-09 14:27:16.091,2022-03-09 14:27:16.091,2022-03-14 09:00:00,2022-03-14 07:00:00,125
1333,Morning Joy,0,0,0,,2022-03-09 14:27:16.101,2022-03-09 14:27:16.101,2022-03-15 09:00:00,2022-03-15 07:00:00,125
1334,Morning Joy,0,0,0,,2022-03-09 14:27:16.11,2022-03-09 14:27:16.11,2022-03-16 09:00:00,2022-03-16 07:00:00,125
1335,Morning Joy,0,0,0,,2022-03-09 14:27:16.118,2022-03-09 14:27:16.118,2022-03-17 09:00:00,2022-03-17 07:00:00,125
1336,Morning Joy,0,0,0,,2022-03-09 14:27:16.127,2022-03-09 14:27:16.127,2022-03-18 09:00:00,2022-03-18 07:00:00,125
1337,Morning Joy,0,0,0,,2022-03-09 14:27:16.138,2022-03-09 14:27:16.138,2022-03-21 09:00:00,2022-03-21 07:00:00,125
1338,Morning Joy,0,0,0,,2022-03-09 14:27:16.146,2022-03-09 14:27:16.146,2022-03-22 09:00:00,2022-03-22 07:00:00,125
1339,Morning Joy,0,0,0,,2022-03-09 14:27:16.154,2022-03-09 14:27:16.154,2022-03-23 09:00:00,2022-03-23 07:00:00,125
1340,Morning Joy,0,0,0,,2022-03-09 14:27:16.163,2022-03-09 14:27:16.163,2022-03-24 09:00:00,2022-03-24 07:00:00,125
1341,Morning Joy,0,0,0,,2022-03-09 14:27:16.175,2022-03-09 14:27:16.175,2022-03-25 09:00:00,2022-03-25 07:00:00,125
1342,Morning Joy,0,0,0,,2022-03-09 14:27:16.201,2022-03-09 14:27:16.201,2022-03-28 09:00:00,2022-03-28 07:00:00,125
1343,Morning Joy,0,0,0,,2022-03-09 14:27:16.209,2022-03-09 14:27:16.209,2022-03-29 09:00:00,2022-03-29 07:00:00,125
1344,Morning Joy,0,0,0,,2022-03-09 14:27:16.217,2022-03-09 14:27:16.217,2022-03-30 09:00:00,2022-03-30 07:00:00,125
1345,Morning Joy,0,0,0,,2022-03-09 14:27:16.225,2022-03-09 14:27:16.225,2022-03-31 09:00:00,2022-03-31 07:00:00,125
1346,Morning Joy,0,0,0,,2022-03-09 14:27:16.236,2022-03-09 14:27:16.236,2022-04-01 09:00:00,2022-04-01 07:00:00,125
1347,Morning Joy,0,0,0,,2022-03-09 14:27:16.245,2022-03-09 14:27:16.245,2022-04-04 09:00:00,2022-04-04 07:00:00,125
1348,Morning Joy,0,0,0,,2022-03-09 14:27:16.253,2022-03-09 14:27:16.253,2022-04-05 09:00:00,2022-04-05 07:00:00,125
1349,Morning Joy,0,0,0,,2022-03-09 14:27:16.263,2022-03-09 14:27:16.263,2022-04-06 09:00:00,2022-04-06 07:00:00,125
1350,Morning Joy,0,0,0,,2022-03-09 14:27:16.27,2022-03-09 14:27:16.27,2022-04-07 09:00:00,2022-04-07 07:00:00,125
1351,Morning Joy,0,0,0,,2022-03-09 14:27:16.281,2022-03-09 14:27:16.281,2022-04-08 09:00:00,2022-04-08 07:00:00,125
1352,Morning Joy,0,0,0,,2022-03-09 14:27:16.288,2022-03-09 14:27:16.288,2022-04-11 09:00:00,2022-04-11 07:00:00,125
1353,Morning Joy,0,0,0,,2022-03-09 14:27:16.302,2022-03-09 14:27:16.302,2022-04-12 09:00:00,2022-04-12 07:00:00,125
1354,Morning Joy,0,0,0,,2022-03-09 14:27:16.326,2022-03-09 14:27:16.326,2022-04-13 09:00:00,2022-04-13 07:00:00,125
1355,Morning Joy,0,0,0,,2022-03-09 14:27:16.336,2022-03-09 14:27:16.336,2022-04-14 09:00:00,2022-04-14 07:00:00,125
1356,Morning Joy,0,0,0,,2022-03-09 14:27:16.35,2022-03-09 14:27:16.35,2022-04-15 09:00:00,2022-04-15 07:00:00,125
1357,Morning Joy,0,0,0,,2022-03-09 14:27:16.359,2022-03-09 14:27:16.359,2022-04-18 09:00:00,2022-04-18 07:00:00,125
1358,Morning Joy,0,0,0,,2022-03-09 14:27:16.371,2022-03-09 14:27:16.371,2022-04-19 09:00:00,2022-04-19 07:00:00,125
1359,Morning Joy,0,0,0,,2022-03-09 14:27:16.386,2022-03-09 14:27:16.386,2022-04-20 09:00:00,2022-04-20 07:00:00,125
1360,Morning Joy,0,0,0,,2022-03-09 14:27:16.394,2022-03-09 14:27:16.394,2022-04-21 09:00:00,2022-04-21 07:00:00,125
1361,Morning Joy,0,0,0,,2022-03-09 14:27:16.402,2022-03-09 14:27:16.402,2022-04-22 09:00:00,2022-04-22 07:00:00,125
1362,Morning Joy,0,0,0,,2022-03-09 14:27:16.409,2022-03-09 14:27:16.409,2022-04-25 09:00:00,2022-04-25 07:00:00,125
1363,Morning Joy,0,0,0,,2022-03-09 14:27:16.422,2022-03-09 14:27:16.422,2022-04-26 09:00:00,2022-04-26 07:00:00,125
1364,Morning Joy,0,0,0,,2022-03-09 14:27:16.43,2022-03-09 14:27:16.43,2022-04-27 09:00:00,2022-04-27 07:00:00,125
1365,Morning Joy,0,0,0,,2022-03-09 14:27:16.438,2022-03-09 14:27:16.438,2022-04-28 09:00:00,2022-04-28 07:00:00,125
1366,Morning Joy,0,0,0,,2022-03-09 14:27:16.446,2022-03-09 14:27:16.446,2022-04-29 09:00:00,2022-04-29 07:00:00,125
1367,Morning Joy,0,0,0,,2022-03-09 14:27:16.454,2022-03-09 14:27:16.454,2022-05-02 09:00:00,2022-05-02 07:00:00,125
1368,Morning Joy,0,0,0,,2022-03-09 14:27:16.461,2022-03-09 14:27:16.461,2022-05-03 09:00:00,2022-05-03 07:00:00,125
1369,Morning Joy,0,0,0,,2022-03-09 14:27:16.473,2022-03-09 14:27:16.473,2022-05-04 09:00:00,2022-05-04 07:00:00,125
1370,Morning Joy,0,0,0,,2022-03-09 14:27:16.48,2022-03-09 14:27:16.48,2022-05-05 09:00:00,2022-05-05 07:00:00,125
1371,Morning Joy,0,0,0,,2022-03-09 14:27:16.488,2022-03-09 14:27:16.488,2022-05-06 09:00:00,2022-05-06 07:00:00,125
1372,Morning Joy,0,0,0,,2022-03-09 14:27:16.496,2022-03-09 14:27:16.496,2022-05-09 09:00:00,2022-05-09 07:00:00,125
1373,Morning Joy,0,0,0,,2022-03-09 14:27:16.503,2022-03-09 14:27:16.503,2022-05-10 09:00:00,2022-05-10 07:00:00,125
1374,Morning Joy,0,0,0,,2022-03-09 14:27:16.518,2022-03-09 14:27:16.518,2022-05-11 09:00:00,2022-05-11 07:00:00,125
1375,Morning Joy,0,0,0,,2022-03-09 14:27:16.526,2022-03-09 14:27:16.526,2022-05-12 09:00:00,2022-05-12 07:00:00,125
1376,Morning Joy,0,0,0,,2022-03-09 14:27:16.537,2022-03-09 14:27:16.537,2022-05-13 09:00:00,2022-05-13 07:00:00,125
1377,Night Routine,0,0,0,,2022-03-09 14:27:27.386,2022-03-09 14:27:27.386,2022-03-09 22:00:00,2022-03-09 21:00:00,127
1378,Night Routine,0,0,0,,2022-03-09 14:27:27.396,2022-03-09 14:27:27.396,2022-03-10 22:00:00,2022-03-10 21:00:00,127
1379,Night Routine,0,0,0,,2022-03-09 14:27:27.404,2022-03-09 14:27:27.404,2022-03-11 22:00:00,2022-03-11 21:00:00,127
1380,Night Routine,0,0,0,,2022-03-09 14:27:27.414,2022-03-09 14:27:27.414,2022-03-12 22:00:00,2022-03-12 21:00:00,127
1381,Night Routine,0,0,0,,2022-03-09 14:27:27.422,2022-03-09 14:27:27.422,2022-03-13 23:00:00,2022-03-13 22:00:00,127
1382,Night Routine,0,0,0,,2022-03-09 14:27:27.434,2022-03-09 14:27:27.434,2022-03-14 23:00:00,2022-03-14 22:00:00,127
1383,Night Routine,0,0,0,,2022-03-09 14:27:27.442,2022-03-09 14:27:27.442,2022-03-15 23:00:00,2022-03-15 22:00:00,127
1384,Night Routine,0,0,0,,2022-03-09 14:27:27.456,2022-03-09 14:27:27.456,2022-03-16 23:00:00,2022-03-16 22:00:00,127
1385,Night Routine,0,0,0,,2022-03-09 14:27:27.464,2022-03-09 14:27:27.464,2022-03-17 23:00:00,2022-03-17 22:00:00,127
1386,Night Routine,0,0,0,,2022-03-09 14:27:27.471,2022-03-09 14:27:27.471,2022-03-18 23:00:00,2022-03-18 22:00:00,127
1387,Night Routine,0,0,0,,2022-03-09 14:27:27.479,2022-03-09 14:27:27.479,2022-03-19 23:00:00,2022-03-19 22:00:00,127
1388,Night Routine,0,0,0,,2022-03-09 14:27:27.486,2022-03-09 14:27:27.486,2022-03-20 23:00:00,2022-03-20 22:00:00,127
1389,Night Routine,0,0,0,,2022-03-09 14:27:27.495,2022-03-09 14:27:27.495,2022-03-21 23:00:00,2022-03-21 22:00:00,127
1390,Night Routine,0,0,0,,2022-03-09 14:27:27.502,2022-03-09 14:27:27.502,2022-03-22 23:00:00,2022-03-22 22:00:00,127
1391,Night Routine,0,0,0,,2022-03-09 14:27:27.509,2022-03-09 14:27:27.509,2022-03-23 23:00:00,2022-03-23 22:00:00,127
1392,Night Routine,0,0,0,,2022-03-09 14:27:27.525,2022-03-09 14:27:27.525,2022-03-24 23:00:00,2022-03-24 22:00:00,127
1393,Night Routine,0,0,0,,2022-03-09 14:27:27.532,2022-03-09 14:27:27.532,2022-03-25 23:00:00,2022-03-25 22:00:00,127
1394,Night Routine,0,0,0,,2022-03-09 14:27:27.54,2022-03-09 14:27:27.54,2022-03-26 23:00:00,2022-03-26 22:00:00,127
1395,Night Routine,0,0,0,,2022-03-09 14:27:27.546,2022-03-09 14:27:27.546,2022-03-27 23:00:00,2022-03-27 22:00:00,127
1396,Night Routine,0,0,0,,2022-03-09 14:27:27.553,2022-03-09 14:27:27.553,2022-03-28 23:00:00,2022-03-28 22:00:00,127
1397,Night Routine,0,0,0,,2022-03-09 14:27:27.56,2022-03-09 14:27:27.56,2022-03-29 23:00:00,2022-03-29 22:00:00,127
1398,Night Routine,0,0,0,,2022-03-09 14:27:27.568,2022-03-09 14:27:27.568,2022-03-30 23:00:00,2022-03-30 22:00:00,127
1399,Night Routine,0,0,0,,2022-03-09 14:27:27.576,2022-03-09 14:27:27.576,2022-03-31 23:00:00,2022-03-31 22:00:00,127
1400,Night Routine,0,0,0,,2022-03-09 14:27:27.582,2022-03-09 14:27:27.582,2022-04-01 23:00:00,2022-04-01 22:00:00,127
1401,Night Routine,0,0,0,,2022-03-09 14:27:27.589,2022-03-09 14:27:27.589,2022-04-02 23:00:00,2022-04-02 22:00:00,127
1402,Night Routine,0,0,0,,2022-03-09 14:27:27.596,2022-03-09 14:27:27.596,2022-04-03 23:00:00,2022-04-03 22:00:00,127
1403,Night Routine,0,0,0,,2022-03-09 14:27:27.603,2022-03-09 14:27:27.603,2022-04-04 23:00:00,2022-04-04 22:00:00,127
1404,Night Routine,0,0,0,,2022-03-09 14:27:27.613,2022-03-09 14:27:27.613,2022-04-05 23:00:00,2022-04-05 22:00:00,127
1405,Night Routine,0,0,0,,2022-03-09 14:27:27.621,2022-03-09 14:27:27.621,2022-04-06 23:00:00,2022-04-06 22:00:00,127
1406,Night Routine,0,0,0,,2022-03-09 14:27:27.627,2022-03-09 14:27:27.627,2022-04-07 23:00:00,2022-04-07 22:00:00,127
1407,Night Routine,0,0,0,,2022-03-09 14:27:27.634,2022-03-09 14:27:27.634,2022-04-08 23:00:00,2022-04-08 22:00:00,127
1408,Night Routine,0,0,0,,2022-03-09 14:27:27.641,2022-03-09 14:27:27.641,2022-04-09 23:00:00,2022-04-09 22:00:00,127
1409,Night Routine,0,0,0,,2022-03-09 14:27:27.648,2022-03-09 14:27:27.648,2022-04-10 23:00:00,2022-04-10 22:00:00,127
1410,Night Routine,0,0,0,,2022-03-09 14:27:27.655,2022-03-09 14:27:27.655,2022-04-11 23:00:00,2022-04-11 22:00:00,127
1411,Night Routine,0,0,0,,2022-03-09 14:27:27.661,2022-03-09 14:27:27.661,2022-04-12 23:00:00,2022-04-12 22:00:00,127
1412,Night Routine,0,0,0,,2022-03-09 14:27:27.669,2022-03-09 14:27:27.669,2022-04-13 23:00:00,2022-04-13 22:00:00,127
1413,Night Routine,0,0,0,,2022-03-09 14:27:27.676,2022-03-09 14:27:27.676,2022-04-14 23:00:00,2022-04-14 22:00:00,127
1414,Night Routine,0,0,0,,2022-03-09 14:27:27.682,2022-03-09 14:27:27.682,2022-04-15 23:00:00,2022-04-15 22:00:00,127
1415,Night Routine,0,0,0,,2022-03-09 14:27:27.691,2022-03-09 14:27:27.691,2022-04-16 23:00:00,2022-04-16 22:00:00,127
1416,Night Routine,0,0,0,,2022-03-09 14:27:27.698,2022-03-09 14:27:27.698,2022-04-17 23:00:00,2022-04-17 22:00:00,127
1417,Night Routine,0,0,0,,2022-03-09 14:27:27.705,2022-03-09 14:27:27.705,2022-04-18 23:00:00,2022-04-18 22:00:00,127
1418,Night Routine,0,0,0,,2022-03-09 14:27:27.712,2022-03-09 14:27:27.712,2022-04-19 23:00:00,2022-04-19 22:00:00,127
1419,Night Routine,0,0,0,,2022-03-09 14:27:27.719,2022-03-09 14:27:27.719,2022-04-20 23:00:00,2022-04-20 22:00:00,127
1420,Night Routine,0,0,0,,2022-03-09 14:27:27.726,2022-03-09 14:27:27.726,2022-04-21 23:00:00,2022-04-21 22:00:00,127
1421,Night Routine,0,0,0,,2022-03-09 14:27:27.732,2022-03-09 14:27:27.732,2022-04-22 23:00:00,2022-04-22 22:00:00,127
1422,Night Routine,0,0,0,,2022-03-09 14:27:27.741,2022-03-09 14:27:27.741,2022-04-23 23:00:00,2022-04-23 22:00:00,127
1423,Night Routine,0,0,0,,2022-03-09 14:27:27.747,2022-03-09 14:27:27.747,2022-04-24 23:00:00,2022-04-24 22:00:00,127
1424,Night Routine,0,0,0,,2022-03-09 14:27:27.754,2022-03-09 14:27:27.754,2022-04-25 23:00:00,2022-04-25 22:00:00,127
1425,Night Routine,0,0,0,,2022-03-09 14:27:27.763,2022-03-09 14:27:27.763,2022-04-26 23:00:00,2022-04-26 22:00:00,127
1426,Night Routine,0,0,0,,2022-03-09 14:27:27.771,2022-03-09 14:27:27.771,2022-04-27 23:00:00,2022-04-27 22:00:00,127
1427,Night Routine,0,0,0,,2022-03-09 14:27:27.777,2022-03-09 14:27:27.777,2022-04-28 23:00:00,2022-04-28 22:00:00,127
1428,Night Routine,0,0,0,,2022-03-09 14:27:27.784,2022-03-09 14:27:27.784,2022-04-29 23:00:00,2022-04-29 22:00:00,127
1429,Night Routine,0,0,0,,2022-03-09 14:27:27.794,2022-03-09 14:27:27.794,2022-04-30 23:00:00,2022-04-30 22:00:00,127
1430,Night Routine,0,0,0,,2022-03-09 14:27:27.801,2022-03-09 14:27:27.801,2022-05-01 23:00:00,2022-05-01 22:00:00,127
1431,Night Routine,0,0,0,,2022-03-09 14:27:27.809,2022-03-09 14:27:27.809,2022-05-02 23:00:00,2022-05-02 22:00:00,127
1432,Night Routine,0,0,0,,2022-03-09 14:27:27.823,2022-03-09 14:27:27.823,2022-05-03 23:00:00,2022-05-03 22:00:00,127
1433,Night Routine,0,0,0,,2022-03-09 14:27:27.83,2022-03-09 14:27:27.83,2022-05-04 23:00:00,2022-05-04 22:00:00,127
1434,Night Routine,0,0,0,,2022-03-09 14:27:27.838,2022-03-09 14:27:27.838,2022-05-05 23:00:00,2022-05-05 22:00:00,127
1435,Night Routine,0,0,0,,2022-03-09 14:27:27.846,2022-03-09 14:27:27.846,2022-05-06 23:00:00,2022-05-06 22:00:00,127
1436,Night Routine,0,0,0,,2022-03-09 14:27:27.853,2022-03-09 14:27:27.853,2022-05-07 23:00:00,2022-05-07 22:00:00,127
1437,Night Routine,0,0,0,,2022-03-09 14:27:27.86,2022-03-09 14:27:27.86,2022-05-08 23:00:00,2022-05-08 22:00:00,127
1438,Night Routine,0,0,0,,2022-03-09 14:27:27.866,2022-03-09 14:27:27.866,2022-05-09 23:00:00,2022-05-09 22:00:00,127
1439,Morning Routine,0,0,0,,2022-03-09 14:27:28.505,2022-03-09 14:27:28.505,2022-03-09 10:00:00,2022-03-09 08:00:00,127
1440,Morning Routine,0,0,0,,2022-03-09 14:27:28.514,2022-03-09 14:27:28.514,2022-03-10 10:00:00,2022-03-10 08:00:00,127
1441,Morning Routine,0,0,0,,2022-03-09 14:27:28.531,2022-03-09 14:27:28.531,2022-03-11 10:00:00,2022-03-11 08:00:00,127
1442,Morning Routine,0,0,0,,2022-03-09 14:27:28.54,2022-03-09 14:27:28.54,2022-03-12 10:00:00,2022-03-12 08:00:00,127
1443,Morning Routine,0,0,0,,2022-03-09 14:27:28.549,2022-03-09 14:27:28.548,2022-03-13 11:00:00,2022-03-13 09:00:00,127
1444,Morning Routine,0,0,0,,2022-03-09 14:27:28.559,2022-03-09 14:27:28.559,2022-03-14 11:00:00,2022-03-14 09:00:00,127
1445,Morning Routine,0,0,0,,2022-03-09 14:27:28.571,2022-03-09 14:27:28.571,2022-03-15 11:00:00,2022-03-15 09:00:00,127
1446,Morning Routine,0,0,0,,2022-03-09 14:27:28.58,2022-03-09 14:27:28.58,2022-03-16 11:00:00,2022-03-16 09:00:00,127
1447,Morning Routine,0,0,0,,2022-03-09 14:27:28.587,2022-03-09 14:27:28.587,2022-03-17 11:00:00,2022-03-17 09:00:00,127
1448,Morning Routine,0,0,0,,2022-03-09 14:27:28.594,2022-03-09 14:27:28.594,2022-03-18 11:00:00,2022-03-18 09:00:00,127
1449,Morning Routine,0,0,0,,2022-03-09 14:27:28.601,2022-03-09 14:27:28.601,2022-03-19 11:00:00,2022-03-19 09:00:00,127
1450,Morning Routine,0,0,0,,2022-03-09 14:27:28.608,2022-03-09 14:27:28.608,2022-03-20 11:00:00,2022-03-20 09:00:00,127
1451,Morning Routine,0,0,0,,2022-03-09 14:27:28.615,2022-03-09 14:27:28.615,2022-03-21 11:00:00,2022-03-21 09:00:00,127
1452,Morning Routine,0,0,0,,2022-03-09 14:27:28.623,2022-03-09 14:27:28.623,2022-03-22 11:00:00,2022-03-22 09:00:00,127
1453,Morning Routine,0,0,0,,2022-03-09 14:27:28.63,2022-03-09 14:27:28.63,2022-03-23 11:00:00,2022-03-23 09:00:00,127
1454,Morning Routine,0,0,0,,2022-03-09 14:27:28.637,2022-03-09 14:27:28.637,2022-03-24 11:00:00,2022-03-24 09:00:00,127
1455,Morning Routine,0,0,0,,2022-03-09 14:27:28.644,2022-03-09 14:27:28.644,2022-03-25 11:00:00,2022-03-25 09:00:00,127
1456,Morning Routine,0,0,0,,2022-03-09 14:27:28.651,2022-03-09 14:27:28.651,2022-03-26 11:00:00,2022-03-26 09:00:00,127
1457,Morning Routine,0,0,0,,2022-03-09 14:27:28.658,2022-03-09 14:27:28.658,2022-03-27 11:00:00,2022-03-27 09:00:00,127
1458,Morning Routine,0,0,0,,2022-03-09 14:27:28.665,2022-03-09 14:27:28.665,2022-03-28 11:00:00,2022-03-28 09:00:00,127
1459,Morning Routine,0,0,0,,2022-03-09 14:27:28.673,2022-03-09 14:27:28.673,2022-03-29 11:00:00,2022-03-29 09:00:00,127
1460,Morning Routine,0,0,0,,2022-03-09 14:27:28.68,2022-03-09 14:27:28.68,2022-03-30 11:00:00,2022-03-30 09:00:00,127
1461,Morning Routine,0,0,0,,2022-03-09 14:27:28.687,2022-03-09 14:27:28.687,2022-03-31 11:00:00,2022-03-31 09:00:00,127
1462,Morning Routine,0,0,0,,2022-03-09 14:27:28.697,2022-03-09 14:27:28.697,2022-04-01 11:00:00,2022-04-01 09:00:00,127
1463,Morning Routine,0,0,0,,2022-03-09 14:27:28.704,2022-03-09 14:27:28.704,2022-04-02 11:00:00,2022-04-02 09:00:00,127
1464,Morning Routine,0,0,0,,2022-03-09 14:27:28.711,2022-03-09 14:27:28.711,2022-04-03 11:00:00,2022-04-03 09:00:00,127
1465,Morning Routine,0,0,0,,2022-03-09 14:27:28.763,2022-03-09 14:27:28.763,2022-04-04 11:00:00,2022-04-04 09:00:00,127
1466,Morning Routine,0,0,0,,2022-03-09 14:27:28.778,2022-03-09 14:27:28.778,2022-04-05 11:00:00,2022-04-05 09:00:00,127
1467,Morning Routine,0,0,0,,2022-03-09 14:27:28.786,2022-03-09 14:27:28.786,2022-04-06 11:00:00,2022-04-06 09:00:00,127
1468,Morning Routine,0,0,0,,2022-03-09 14:27:28.794,2022-03-09 14:27:28.794,2022-04-07 11:00:00,2022-04-07 09:00:00,127
1469,Morning Routine,0,0,0,,2022-03-09 14:27:28.804,2022-03-09 14:27:28.804,2022-04-08 11:00:00,2022-04-08 09:00:00,127
1470,Morning Routine,0,0,0,,2022-03-09 14:27:28.815,2022-03-09 14:27:28.815,2022-04-09 11:00:00,2022-04-09 09:00:00,127
1471,Morning Routine,0,0,0,,2022-03-09 14:27:28.824,2022-03-09 14:27:28.824,2022-04-10 11:00:00,2022-04-10 09:00:00,127
1472,Morning Routine,0,0,0,,2022-03-09 14:27:28.831,2022-03-09 14:27:28.831,2022-04-11 11:00:00,2022-04-11 09:00:00,127
1473,Morning Routine,0,0,0,,2022-03-09 14:27:28.842,2022-03-09 14:27:28.842,2022-04-12 11:00:00,2022-04-12 09:00:00,127
1474,Morning Routine,0,0,0,,2022-03-09 14:27:28.853,2022-03-09 14:27:28.853,2022-04-13 11:00:00,2022-04-13 09:00:00,127
1475,Morning Routine,0,0,0,,2022-03-09 14:27:28.862,2022-03-09 14:27:28.862,2022-04-14 11:00:00,2022-04-14 09:00:00,127
1476,Morning Routine,0,0,0,,2022-03-09 14:27:28.871,2022-03-09 14:27:28.871,2022-04-15 11:00:00,2022-04-15 09:00:00,127
1477,Morning Routine,0,0,0,,2022-03-09 14:27:28.878,2022-03-09 14:27:28.878,2022-04-16 11:00:00,2022-04-16 09:00:00,127
1478,Morning Routine,0,0,0,,2022-03-09 14:27:28.886,2022-03-09 14:27:28.886,2022-04-17 11:00:00,2022-04-17 09:00:00,127
1479,Morning Routine,0,0,0,,2022-03-09 14:27:28.892,2022-03-09 14:27:28.892,2022-04-18 11:00:00,2022-04-18 09:00:00,127
1480,Morning Routine,0,0,0,,2022-03-09 14:27:28.899,2022-03-09 14:27:28.899,2022-04-19 11:00:00,2022-04-19 09:00:00,127
1481,Morning Routine,0,0,0,,2022-03-09 14:27:28.906,2022-03-09 14:27:28.906,2022-04-20 11:00:00,2022-04-20 09:00:00,127
1482,Morning Routine,0,0,0,,2022-03-09 14:27:28.913,2022-03-09 14:27:28.913,2022-04-21 11:00:00,2022-04-21 09:00:00,127
1483,Morning Routine,0,0,0,,2022-03-09 14:27:28.92,2022-03-09 14:27:28.92,2022-04-22 11:00:00,2022-04-22 09:00:00,127
1484,Morning Routine,0,0,0,,2022-03-09 14:27:28.927,2022-03-09 14:27:28.927,2022-04-23 11:00:00,2022-04-23 09:00:00,127
1485,Morning Routine,0,0,0,,2022-03-09 14:27:28.935,2022-03-09 14:27:28.934,2022-04-24 11:00:00,2022-04-24 09:00:00,127
1486,Morning Routine,0,0,0,,2022-03-09 14:27:28.941,2022-03-09 14:27:28.941,2022-04-25 11:00:00,2022-04-25 09:00:00,127
1487,Morning Routine,0,0,0,,2022-03-09 14:27:28.948,2022-03-09 14:27:28.948,2022-04-26 11:00:00,2022-04-26 09:00:00,127
1488,Morning Routine,0,0,0,,2022-03-09 14:27:28.959,2022-03-09 14:27:28.959,2022-04-27 11:00:00,2022-04-27 09:00:00,127
1489,Morning Routine,0,0,0,,2022-03-09 14:27:28.976,2022-03-09 14:27:28.976,2022-04-28 11:00:00,2022-04-28 09:00:00,127
1490,Morning Routine,0,0,0,,2022-03-09 14:27:28.983,2022-03-09 14:27:28.983,2022-04-29 11:00:00,2022-04-29 09:00:00,127
1491,Morning Routine,0,0,0,,2022-03-09 14:27:28.99,2022-03-09 14:27:28.99,2022-04-30 11:00:00,2022-04-30 09:00:00,127
1492,Morning Routine,0,0,0,,2022-03-09 14:27:29.002,2022-03-09 14:27:29.002,2022-05-01 11:00:00,2022-05-01 09:00:00,127
1493,Morning Routine,0,0,0,,2022-03-09 14:27:29.008,2022-03-09 14:27:29.008,2022-05-02 11:00:00,2022-05-02 09:00:00,127
1494,Morning Routine,0,0,0,,2022-03-09 14:27:29.015,2022-03-09 14:27:29.015,2022-05-03 11:00:00,2022-05-03 09:00:00,127
1495,Morning Routine,0,0,0,,2022-03-09 14:27:29.022,2022-03-09 14:27:29.022,2022-05-04 11:00:00,2022-05-04 09:00:00,127
1496,Morning Routine,0,0,0,,2022-03-09 14:27:29.029,2022-03-09 14:27:29.029,2022-05-05 11:00:00,2022-05-05 09:00:00,127
1497,Morning Routine,0,0,0,,2022-03-09 14:27:29.037,2022-03-09 14:27:29.037,2022-05-06 11:00:00,2022-05-06 09:00:00,127
1498,Morning Routine,0,0,0,,2022-03-09 14:27:29.043,2022-03-09 14:27:29.043,2022-05-07 11:00:00,2022-05-07 09:00:00,127
1499,Morning Routine,0,0,0,,2022-03-09 14:27:29.05,2022-03-09 14:27:29.05,2022-05-08 11:00:00,2022-05-08 09:00:00,127
1500,Morning Routine,0,0,0,,2022-03-09 14:27:29.057,2022-03-09 14:27:29.057,2022-05-09 11:00:00,2022-05-09 09:00:00,127
2937,Eat Lunch,0,0,0,,2022-03-22 14:53:15.229,2022-03-22 14:53:15.229,2022-03-23 14:00:00,2022-03-23 13:00:00,125
2938,Eat Lunch,0,0,0,,2022-03-22 14:53:15.258,2022-03-22 14:53:15.258,2022-03-24 14:00:00,2022-03-24 13:00:00,125
2939,Eat Lunch,0,0,0,,2022-03-22 14:53:15.281,2022-03-22 14:53:15.281,2022-03-25 14:00:00,2022-03-25 13:00:00,125
2940,Eat Lunch,0,0,0,,2022-03-22 14:53:15.305,2022-03-22 14:53:15.305,2022-03-26 14:00:00,2022-03-26 13:00:00,125
2941,Eat Lunch,0,0,0,,2022-03-22 14:53:15.333,2022-03-22 14:53:15.333,2022-03-27 14:00:00,2022-03-27 13:00:00,125
2942,Eat Lunch,0,0,0,,2022-03-22 14:53:15.355,2022-03-22 14:53:15.355,2022-03-28 14:00:00,2022-03-28 13:00:00,125
2943,Eat Lunch,0,0,0,,2022-03-22 14:53:15.377,2022-03-22 14:53:15.377,2022-03-29 14:00:00,2022-03-29 13:00:00,125
2944,Eat Lunch,0,0,0,,2022-03-22 14:53:15.397,2022-03-22 14:53:15.397,2022-03-30 14:00:00,2022-03-30 13:00:00,125
2945,Eat Lunch,0,0,0,,2022-03-22 14:53:15.417,2022-03-22 14:53:15.417,2022-03-31 14:00:00,2022-03-31 13:00:00,125
2946,Eat Lunch,0,0,0,,2022-03-22 14:53:15.437,2022-03-22 14:53:15.437,2022-04-01 14:00:00,2022-04-01 13:00:00,125
2947,Eat Lunch,0,0,0,,2022-03-22 14:53:15.456,2022-03-22 14:53:15.456,2022-04-02 14:00:00,2022-04-02 13:00:00,125
2948,Eat Lunch,0,0,0,,2022-03-22 14:53:15.477,2022-03-22 14:53:15.477,2022-04-03 14:00:00,2022-04-03 13:00:00,125
2949,Eat Lunch,0,0,0,,2022-03-22 14:53:15.496,2022-03-22 14:53:15.496,2022-04-04 14:00:00,2022-04-04 13:00:00,125
2950,Eat Lunch,0,0,0,,2022-03-22 14:53:15.514,2022-03-22 14:53:15.514,2022-04-05 14:00:00,2022-04-05 13:00:00,125
2951,Eat Lunch,0,0,0,,2022-03-22 14:53:15.533,2022-03-22 14:53:15.533,2022-04-06 14:00:00,2022-04-06 13:00:00,125
2952,Eat Lunch,0,0,0,,2022-03-22 14:53:15.552,2022-03-22 14:53:15.552,2022-04-07 14:00:00,2022-04-07 13:00:00,125
2953,Eat Lunch,0,0,0,,2022-03-22 14:53:15.572,2022-03-22 14:53:15.572,2022-04-08 14:00:00,2022-04-08 13:00:00,125
2954,Eat Lunch,0,0,0,,2022-03-22 14:53:15.591,2022-03-22 14:53:15.591,2022-04-09 14:00:00,2022-04-09 13:00:00,125
2955,Eat Lunch,0,0,0,,2022-03-22 14:53:15.612,2022-03-22 14:53:15.612,2022-04-10 14:00:00,2022-04-10 13:00:00,125
2956,Eat Lunch,0,0,0,,2022-03-22 14:53:15.632,2022-03-22 14:53:15.633,2022-04-11 14:00:00,2022-04-11 13:00:00,125
2957,Eat Lunch,0,0,0,,2022-03-22 14:53:15.652,2022-03-22 14:53:15.652,2022-04-12 14:00:00,2022-04-12 13:00:00,125
2958,Eat Lunch,0,0,0,,2022-03-22 14:53:15.671,2022-03-22 14:53:15.671,2022-04-13 14:00:00,2022-04-13 13:00:00,125
2959,Eat Lunch,0,0,0,,2022-03-22 14:53:15.69,2022-03-22 14:53:15.69,2022-04-14 14:00:00,2022-04-14 13:00:00,125
2960,Eat Lunch,0,0,0,,2022-03-22 14:53:15.711,2022-03-22 14:53:15.711,2022-04-15 14:00:00,2022-04-15 13:00:00,125
2961,Eat Lunch,0,0,0,,2022-03-22 14:53:15.729,2022-03-22 14:53:15.729,2022-04-16 14:00:00,2022-04-16 13:00:00,125
2962,Eat Lunch,0,0,0,,2022-03-22 14:53:15.748,2022-03-22 14:53:15.748,2022-04-17 14:00:00,2022-04-17 13:00:00,125
2963,Eat Lunch,0,0,0,,2022-03-22 14:53:15.769,2022-03-22 14:53:15.769,2022-04-18 14:00:00,2022-04-18 13:00:00,125
2964,Eat Lunch,0,0,0,,2022-03-22 14:53:15.788,2022-03-22 14:53:15.788,2022-04-19 14:00:00,2022-04-19 13:00:00,125
2965,Eat Lunch,0,0,0,,2022-03-22 14:53:15.808,2022-03-22 14:53:15.808,2022-04-20 14:00:00,2022-04-20 13:00:00,125
2966,Eat Lunch,0,0,0,,2022-03-22 14:53:15.828,2022-03-22 14:53:15.828,2022-04-21 14:00:00,2022-04-21 13:00:00,125
2967,Eat Lunch,0,0,0,,2022-03-22 14:53:15.85,2022-03-22 14:53:15.85,2022-04-22 14:00:00,2022-04-22 13:00:00,125
2968,Eat Lunch,0,0,0,,2022-03-22 14:53:15.869,2022-03-22 14:53:15.869,2022-04-23 14:00:00,2022-04-23 13:00:00,125
2969,Eat Lunch,0,0,0,,2022-03-22 14:53:15.889,2022-03-22 14:53:15.889,2022-04-24 14:00:00,2022-04-24 13:00:00,125
2970,Eat Lunch,0,0,0,,2022-03-22 14:53:15.908,2022-03-22 14:53:15.908,2022-04-25 14:00:00,2022-04-25 13:00:00,125
2971,Eat Lunch,0,0,0,,2022-03-22 14:53:15.927,2022-03-22 14:53:15.927,2022-04-26 14:00:00,2022-04-26 13:00:00,125
2972,Eat Lunch,0,0,0,,2022-03-22 14:53:15.946,2022-03-22 14:53:15.946,2022-04-27 14:00:00,2022-04-27 13:00:00,125
2973,Eat Lunch,0,0,0,,2022-03-22 14:53:15.965,2022-03-22 14:53:15.965,2022-04-28 14:00:00,2022-04-28 13:00:00,125
2974,Eat Lunch,0,0,0,,2022-03-22 14:53:15.984,2022-03-22 14:53:15.984,2022-04-29 14:00:00,2022-04-29 13:00:00,125
2975,Eat Lunch,0,0,0,,2022-03-22 14:53:16.003,2022-03-22 14:53:16.003,2022-04-30 14:00:00,2022-04-30 13:00:00,125
2976,Eat Lunch,0,0,0,,2022-03-22 14:53:16.023,2022-03-22 14:53:16.022,2022-05-01 14:00:00,2022-05-01 13:00:00,125
2977,Eat Lunch,0,0,0,,2022-03-22 14:53:16.041,2022-03-22 14:53:16.041,2022-05-02 14:00:00,2022-05-02 13:00:00,125
2978,Eat Lunch,0,0,0,,2022-03-22 14:53:16.062,2022-03-22 14:53:16.062,2022-05-03 14:00:00,2022-05-03 13:00:00,125
2979,Eat Lunch,0,0,0,,2022-03-22 14:53:16.082,2022-03-22 14:53:16.082,2022-05-04 14:00:00,2022-05-04 13:00:00,125
2980,Eat Lunch,0,0,0,,2022-03-22 14:53:16.102,2022-03-22 14:53:16.102,2022-05-05 14:00:00,2022-05-05 13:00:00,125
2981,Eat Lunch,0,0,0,,2022-03-22 14:53:16.123,2022-03-22 14:53:16.123,2022-05-06 14:00:00,2022-05-06 13:00:00,125
2982,Eat Lunch,0,0,0,,2022-03-22 14:53:16.141,2022-03-22 14:53:16.141,2022-05-07 14:00:00,2022-05-07 13:00:00,125
2983,Eat Lunch,0,0,0,,2022-03-22 14:53:16.16,2022-03-22 14:53:16.16,2022-05-08 14:00:00,2022-05-08 13:00:00,125
2984,Eat Lunch,0,0,0,,2022-03-22 14:53:16.179,2022-03-22 14:53:16.178,2022-05-09 14:00:00,2022-05-09 13:00:00,125
2985,Eat Lunch,0,0,0,,2022-03-22 14:53:16.199,2022-03-22 14:53:16.199,2022-05-10 14:00:00,2022-05-10 13:00:00,125
2986,Eat Lunch,0,0,0,,2022-03-22 14:53:16.222,2022-03-22 14:53:16.222,2022-05-11 14:00:00,2022-05-11 13:00:00,125
2987,Eat Lunch,0,0,0,,2022-03-22 14:53:16.246,2022-03-22 14:53:16.246,2022-05-12 14:00:00,2022-05-12 13:00:00,125
2988,Eat Lunch,0,0,0,,2022-03-22 14:53:16.266,2022-03-22 14:53:16.266,2022-05-13 14:00:00,2022-05-13 13:00:00,125
2989,Eat Lunch,0,0,0,,2022-03-22 14:53:16.286,2022-03-22 14:53:16.286,2022-05-14 14:00:00,2022-05-14 13:00:00,125
2990,Eat Lunch,0,0,0,,2022-03-22 14:53:16.305,2022-03-22 14:53:16.305,2022-05-15 14:00:00,2022-05-15 13:00:00,125
2991,Eat Lunch,0,0,0,,2022-03-22 14:53:16.325,2022-03-22 14:53:16.325,2022-05-16 14:00:00,2022-05-16 13:00:00,125
2992,Eat Lunch,0,0,0,,2022-03-22 14:53:16.344,2022-03-22 14:53:16.344,2022-05-17 14:00:00,2022-05-17 13:00:00,125
2993,Eat Lunch,0,0,0,,2022-03-22 14:53:16.363,2022-03-22 14:53:16.363,2022-05-18 14:00:00,2022-05-18 13:00:00,125
2994,Eat Lunch,0,0,0,,2022-03-22 14:53:16.381,2022-03-22 14:53:16.381,2022-05-19 14:00:00,2022-05-19 13:00:00,125
2995,Eat Lunch,0,0,0,,2022-03-22 14:53:16.4,2022-03-22 14:53:16.4,2022-05-20 14:00:00,2022-05-20 13:00:00,125
2996,Eat Lunch,0,0,0,,2022-03-22 14:53:16.419,2022-03-22 14:53:16.419,2022-05-21 14:00:00,2022-05-21 13:00:00,125
2997,Eat Lunch,0,0,0,,2022-03-22 14:53:16.438,2022-03-22 14:53:16.438,2022-05-22 14:00:00,2022-05-22 13:00:00,125
2998,Workblock 1,0,0,0,,2022-03-22 14:53:17.583,2022-03-22 14:53:17.583,2022-03-21 13:55:00,2022-03-21 11:15:00,127
2999,Workblock 1,0,0,0,,2022-03-22 14:53:17.635,2022-03-22 14:53:17.635,2022-03-22 13:55:00,2022-03-22 11:15:00,127
3000,Workblock 1,0,0,0,,2022-03-22 14:53:17.671,2022-03-22 14:53:17.671,2022-03-23 13:55:00,2022-03-23 11:15:00,127
3001,Workblock 1,0,0,0,,2022-03-22 14:53:17.705,2022-03-22 14:53:17.705,2022-03-24 13:55:00,2022-03-24 11:15:00,127
3002,Workblock 1,0,0,0,,2022-03-22 14:53:17.733,2022-03-22 14:53:17.733,2022-03-25 13:55:00,2022-03-25 11:15:00,127
3003,Wake up at 7 am,0,0,0,,2022-05-06 20:57:22.921,2022-05-06 20:57:22.921,2022-05-09 07:10:00,2022-05-09 07:00:00,125
3004,Wake up at 7 am,0,0,0,,2022-05-06 20:57:22.955,2022-05-06 20:57:22.955,2022-05-10 07:10:00,2022-05-10 07:00:00,125
3005,Wake up at 7 am,0,0,0,,2022-05-06 20:57:22.974,2022-05-06 20:57:22.974,2022-05-11 07:10:00,2022-05-11 07:00:00,125
3006,Wake up at 7 am,0,0,0,,2022-05-06 20:57:23.002,2022-05-06 20:57:23.002,2022-05-12 07:10:00,2022-05-12 07:00:00,125
3007,Wake up at 7 am,0,0,0,,2022-05-06 20:57:23.03,2022-05-06 20:57:23.03,2022-05-13 07:10:00,2022-05-13 07:00:00,125