id,idType,idEndpoint,idMoment,idFlexibility,dateTiem,createdAt,updatedAt
8,81,84,89,25,2021-07-26 20:02:38,2021-07-26 20:06:14.043,2021-07-26 20:06:14.043
9,81,84,89,25,2021-07-26 21:17:53,2021-07-26 21:18:00.214,2021-07-26 21:18:00.214
10,80,84,89,25,2021-07-26 23:39:51.668,2021-07-26 23:39:51.677,2021-07-26 23:39:51.677
11,80,84,87,25,2021-07-27 00:00:00,2021-07-26 23:42:45.105,2021-07-26 23:42:45.105
12,80,84,87,25,2021-07-28 00:00:00,2021-07-28 14:10:39.183,2021-07-28 14:10:39.183
13,80,84,87,25,2021-07-28 00:00:00,2021-07-28 23:30:42.663,2021-07-28 23:30:42.663
14,81,84,89,25,2021-07-29 11:27:48,2021-07-29 11:28:08.183,2021-07-29 11:28:08.183
15,80,85,87,25,2021-08-01 00:00:00,2021-07-29 12:53:02.973,2021-07-29 12:53:02.973
16,80,84,87,25,2021-07-29 12:52:00,2021-07-29 12:53:02.972,2021-07-29 12:53:02.972
17,81,84,89,25,2021-07-29 19:37:39,2021-07-29 19:37:51.921,2021-07-29 19:37:51.921
18,81,84,89,25,2021-07-29 21:33:23,2021-07-29 21:33:29.772,2021-07-29 21:33:29.772
19,81,84,89,25,2021-07-31 14:12:09,2021-07-31 14:12:16.425,2021-07-31 14:12:16.425
20,81,84,89,25,2021-07-30 00:00:00,2021-07-31 14:14:32.328,2021-07-31 14:14:32.328
21,81,84,89,25,2021-07-30 00:00:00,2021-07-31 14:40:42.892,2021-07-31 14:40:42.891
22,81,84,89,25,2021-07-30 00:00:00,2021-07-31 14:48:02.503,2021-07-31 14:48:02.503
23,81,84,89,25,2021-07-30 00:00:00,2021-07-31 14:52:20.55,2021-07-31 14:52:20.55
24,81,84,89,25,2021-07-30 00:00:00,2021-07-31 14:59:25.497,2021-07-31 14:59:25.497
25,80,85,87,25,2021-08-06 00:00:00,2021-07-31 18:44:45.013,2021-07-31 18:44:45.013
26,80,84,87,25,2021-07-31 18:45:00,2021-07-31 18:46:20.421,2021-07-31 18:46:20.421
27,81,84,89,25,2021-07-31 00:00:00,2021-08-01 13:41:59.076,2021-08-01 13:41:59.076
28,80,85,87,25,2021-08-21 00:00:00,2021-08-05 23:43:48.92,2021-08-05 23:43:48.92
29,80,84,87,25,2021-08-05 23:43:00,2021-08-05 23:43:48.92,2021-08-05 23:43:48.92
30,80,84,87,25,2021-08-06 00:17:00,2021-08-06 00:17:39.797,2021-08-06 00:17:39.797
31,80,84,87,25,2021-07-28 00:00:00,2021-08-09 13:08:45.408,2021-08-09 13:08:45.408
32,80,84,87,25,2021-07-28 00:00:00,2021-08-09 13:11:20.124,2021-08-09 13:11:20.123
33,80,84,87,25,2021-07-28 00:00:00,2021-08-09 13:12:51.333,2021-08-09 13:12:51.333
34,80,84,87,25,2021-07-28 00:00:00,2021-08-09 13:14:31.885,2021-08-09 13:14:31.885
35,80,84,87,25,2021-07-28 00:00:00,2021-08-09 13:14:43.468,2021-08-09 13:14:43.468
36,80,84,87,25,2021-07-28 00:00:00,2021-08-09 13:18:21.567,2021-08-09 13:18:21.567
37,80,84,87,25,2021-07-28 00:00:00,2021-08-09 13:22:08.143,2021-08-09 13:22:08.143
38,80,84,87,25,2021-07-28 00:00:00,2021-08-09 13:23:13.623,2021-08-09 13:23:13.623
39,80,84,87,25,2021-07-28 00:00:00,2021-08-09 13:23:55.073,2021-08-09 13:23:55.073
40,80,84,87,25,2021-07-28 00:00:00,2021-08-09 13:26:28.386,2021-08-09 13:26:28.386
41,80,84,87,25,2021-07-28 00:00:00,2021-08-09 13:30:50.732,2021-08-09 13:30:50.732
42,80,84,87,25,2021-07-28 00:00:00,2021-08-09 13:31:08.792,2021-08-09 13:31:08.792
43,80,84,87,25,2021-07-28 00:00:00,2021-08-09 13:31:22.34,2021-08-09 13:31:22.34
44,80,84,87,25,2021-07-28 00:00:00,2021-08-09 13:31:38.326,2021-08-09 13:31:38.326
45,80,84,87,25,2021-07-28 00:00:00,2021-08-09 13:31:43.446,2021-08-09 13:31:43.446
46,81,84,89,25,2021-08-09 00:00:00,2021-08-09 15:17:37.116,2021-08-09 15:17:37.116
47,81,84,89,25,2021-08-09 00:00:00,2021-08-09 15:20:04.999,2021-08-09 15:20:04.999
48,81,84,89,25,2021-08-09 00:00:00,2021-08-09 15:23:26.865,2021-08-09 15:23:26.865
49,81,84,89,25,2021-08-09 00:00:00,2021-08-09 15:26:13.385,2021-08-09 15:26:13.385
50,81,84,89,25,2021-08-09 00:00:00,2021-08-09 15:27:01.146,2021-08-09 15:27:01.146
51,81,84,89,25,2021-08-09 00:00:00,2021-08-09 15:28:15.89,2021-08-09 15:28:15.89
52,80,84,87,25,2021-08-09 15:30:00,2021-08-09 15:30:13.803,2021-08-09 15:30:13.803
53,80,84,87,25,2021-08-09 15:35:00,2021-08-09 15:35:15.688,2021-08-09 15:35:15.688
54,80,84,87,25,2021-08-09 15:36:00,2021-08-09 15:37:00.719,2021-08-09 15:37:00.719
55,80,84,87,25,2021-08-09 00:00:00,2021-08-09 15:51:17.476,2021-08-09 15:51:17.476
56,81,84,89,25,2021-08-09 00:00:00,2021-08-09 16:21:49.613,2021-08-09 16:21:49.614
57,81,84,89,25,2021-08-09 00:00:00,2021-08-09 16:37:22.69,2021-08-09 16:37:22.69
58,81,84,89,25,2021-08-09 00:00:00,2021-08-09 16:37:27.399,2021-08-09 16:37:27.399
59,81,84,89,25,2021-08-09 00:00:00,2021-08-09 16:37:51.75,2021-08-09 16:37:51.75
60,81,84,89,25,2021-08-09 00:00:00,2021-08-09 20:53:03.12,2021-08-09 20:53:03.12
61,81,84,89,25,2021-08-09 00:00:00,2021-08-09 20:54:04.598,2021-08-09 20:54:04.598
62,80,84,87,25,2021-08-23 00:00:00,2021-08-09 23:52:36.049,2021-08-09 23:52:36.049
63,81,84,89,25,2021-08-11 00:00:00,2021-08-11 13:29:27.041,2021-08-11 13:29:27.041
64,81,84,89,25,2021-08-11 00:00:00,2021-08-11 13:30:43.245,2021-08-11 13:30:43.245
65,81,84,89,25,2021-08-11 00:00:00,2021-08-11 13:57:41.482,2021-08-11 13:57:41.482
66,81,84,89,25,2021-08-11 00:00:00,2021-08-11 13:58:08.448,2021-08-11 13:58:08.448
67,81,84,89,25,2021-08-11 00:00:00,2021-08-11 13:58:25.361,2021-08-11 13:58:25.361
68,81,84,89,25,2021-08-14 00:00:00,2021-08-14 00:49:48.596,2021-08-14 00:49:48.596
69,81,84,89,25,2021-08-15 00:00:00,2021-08-15 18:57:47.584,2021-08-15 18:57:47.584
70,81,84,89,25,2021-08-15 00:00:00,2021-08-15 18:59:18.484,2021-08-15 18:59:18.484
71,80,84,87,25,2021-08-21 00:00:00,2021-08-21 00:52:04.359,2021-08-21 00:52:04.359
72,80,84,87,25,2021-08-21 00:00:00,2021-08-21 00:52:09.194,2021-08-21 00:52:09.194
73,80,84,87,25,2021-08-21 00:00:00,2021-08-21 00:52:18.887,2021-08-21 00:52:18.887
74,81,84,89,25,2021-08-21 00:00:00,2021-08-21 12:06:43.862,2021-08-21 12:06:43.862
75,81,84,89,25,2021-08-21 00:00:00,2021-08-21 12:07:11.709,2021-08-21 12:07:11.709
76,81,84,89,25,2021-08-21 00:00:00,2021-08-21 12:07:29.232,2021-08-21 12:07:29.232
77,81,84,89,25,2021-08-21 00:00:00,2021-08-21 14:00:05.275,2021-08-21 14:00:05.275
78,81,84,89,25,2021-08-21 00:00:00,2021-08-21 14:00:37.227,2021-08-21 14:00:37.226
79,81,84,89,25,2021-09-01 00:00:00,2021-09-01 11:00:19.012,2021-09-01 11:00:19.012
80,81,84,89,25,2021-09-01 00:00:00,2021-09-01 11:00:37.049,2021-09-01 11:00:37.049
81,81,84,89,25,2021-09-01 00:00:00,2021-09-01 11:00:54.658,2021-09-01 11:00:54.658
82,81,84,89,25,2021-09-01 00:00:00,2021-09-01 14:55:46.08,2021-09-01 14:55:46.08
83,81,84,89,25,2021-09-01 00:00:00,2021-09-01 14:55:49.212,2021-09-01 14:55:49.212
84,80,84,87,25,2021-09-13 00:00:00,2021-09-13 14:02:59.582,2021-09-13 14:02:59.583
85,81,84,89,25,2021-09-21 00:00:00,2021-09-21 21:01:15.955,2021-09-21 21:01:15.955
86,80,85,87,25,2021-11-07 00:00:00,2021-11-03 12:02:44.323,2021-11-03 12:02:44.323
87,80,84,87,25,2021-11-03 00:00:00,2021-11-03 12:02:44.322,2021-11-03 12:02:44.322
88,81,84,89,25,2021-11-03 00:00:00,2021-11-03 12:04:01.574,2021-11-03 12:04:01.574
89,81,84,89,25,2021-11-03 00:00:00,2021-11-03 12:06:56.958,2021-11-03 12:06:56.958
90,81,84,89,25,2021-11-04 00:00:00,2021-11-04 11:20:36.177,2021-11-04 11:20:36.177
91,81,84,89,25,2021-11-04 00:00:00,2021-11-04 11:20:39.628,2021-11-04 11:20:39.628
92,81,84,89,25,2021-11-04 00:00:00,2021-11-04 11:22:46.358,2021-11-04 11:22:46.358
93,81,84,89,25,2021-11-04 00:00:00,2021-11-04 14:41:24.433,2021-11-04 14:41:24.433
94,81,84,89,25,2021-11-04 00:00:00,2021-11-04 14:41:29.098,2021-11-04 14:41:29.098
95,81,84,89,25,2021-11-04 00:00:00,2021-11-05 07:18:22.129,2021-11-05 07:18:22.129
96,81,84,89,25,2021-11-04 00:00:00,2021-11-05 07:21:18.807,2021-11-05 07:21:18.807
97,81,84,89,25,2021-11-09 00:00:00,2021-11-09 15:13:18.655,2021-11-09 15:13:18.655
98,81,84,89,25,2021-11-09 00:00:00,2021-11-09 22:38:57.469,2021-11-09 22:38:57.469
99,81,84,89,25,2021-11-09 00:00:00,2021-11-09 22:40:02.129,2021-11-09 22:40:02.129
100,81,84,89,25,2021-11-12 00:00:00,2021-11-10 08:26:47.226,2021-11-10 08:26:47.226
101,81,84,89,25,2021-11-12 00:00:00,2021-11-10 08:27:20.884,2021-11-10 08:27:20.884
102,81,84,89,25,2021-11-12 00:00:00,2021-11-10 08:54:37.794,2021-11-10 08:54:37.793
103,81,84,89,25,2021-11-11 00:00:00,2021-11-11 12:18:57.404,2021-11-11 12:18:57.404
104,81,84,89,25,2021-11-14 00:00:00,2021-11-14 12:26:55.488,2021-11-14 12:26:55.488
105,80,85,87,25,2021-12-24 00:00:00,2021-12-19 20:52:07.717,2021-12-19 20:52:07.717
106,80,84,87,25,2021-12-20 00:00:00,2021-12-19 20:52:07.716,2021-12-19 20:52:07.716
107,80,85,87,25,2021-12-24 00:00:00,2021-12-19 20:52:43.779,2021-12-19 20:52:43.779
108,80,84,87,25,2021-12-20 00:00:00,2021-12-19 20:52:43.779,2021-12-19 20:52:43.779
109,80,85,87,25,2021-12-24 00:00:00,2021-12-19 20:53:14.126,2021-12-19 20:53:14.126
110,80,84,87,25,2021-12-20 00:00:00,2021-12-19 20:53:14.126,2021-12-19 20:53:14.126
111,80,85,87,25,2021-12-24 00:00:00,2021-12-19 20:53:42.346,2021-12-19 20:53:42.346
112,80,84,87,25,2021-12-20 00:00:00,2021-12-19 20:53:42.346,2021-12-19 20:53:42.346
113,81,84,89,25,2021-12-20 00:00:00,2021-12-20 16:40:05.781,2021-12-20 16:40:05.781
114,80,84,88,25,2021-12-30 08:00:00,2021-12-30 01:19:28.134,2021-12-30 01:19:28.134
115,80,85,88,25,2021-12-30 10:00:00,2021-12-30 01:19:28.136,2021-12-30 01:19:28.136
116,81,84,89,25,2022-01-05 00:00:00,2022-01-05 12:39:29.955,2022-01-05 12:39:29.955
117,81,84,89,25,2022-01-07 00:00:00,2022-01-07 11:27:36.738,2022-01-07 11:27:36.738
118,81,84,89,25,2022-01-07 00:00:00,2022-01-07 11:38:45.734,2022-01-07 11:38:45.734
119,81,84,89,25,2022-01-07 00:00:00,2022-01-07 11:41:32.457,2022-01-07 11:41:32.457
120,81,84,89,25,2022-01-07 00:00:00,2022-01-07 11:41:56.942,2022-01-07 11:41:56.942
121,80,85,88,25,2021-12-30 10:00:00,2022-01-07 15:08:08.045,2022-01-07 15:08:08.045
122,80,84,88,25,2021-12-30 08:00:00,2022-01-07 15:08:08.045,2022-01-07 15:08:08.045
123,80,84,87,25,2021-07-28 00:00:00,2022-01-07 15:08:08.045,2022-01-07 15:08:08.045
124,80,85,88,25,2022-01-07 10:00:00,2022-01-07 16:31:18.133,2022-01-07 16:31:18.133
125,80,84,88,25,2022-01-07 08:00:00,2022-01-07 16:31:18.133,2022-01-07 16:31:18.133
126,80,84,87,25,2022-01-07 00:00:00,2022-01-07 16:31:18.133,2022-01-07 16:31:18.133
127,80,85,88,25,2022-01-07 10:00:00,2022-01-07 16:39:46.955,2022-01-07 16:39:46.955
128,80,84,88,25,2022-01-07 08:00:00,2022-01-07 16:39:46.955,2022-01-07 16:39:46.955
129,80,84,87,25,2022-01-07 00:00:00,2022-01-07 16:39:46.954,2022-01-07 16:39:46.954
130,80,85,88,25,2022-01-07 10:00:00,2022-01-07 16:41:44.516,2022-01-07 16:41:44.516
131,80,84,88,25,2022-01-07 08:00:00,2022-01-07 16:41:44.516,2022-01-07 16:41:44.516
132,80,84,87,25,2022-01-07 00:00:00,2022-01-07 16:41:44.516,2022-01-07 16:41:44.516
133,80,85,88,25,2022-01-07 10:00:00,2022-01-07 16:42:42.131,2022-01-07 16:42:42.131
134,80,84,88,25,2022-01-07 08:00:00,2022-01-07 16:42:42.131,2022-01-07 16:42:42.131
135,80,84,87,25,2022-01-07 00:00:00,2022-01-07 16:42:42.13,2022-01-07 16:42:42.13
136,80,85,88,25,2022-01-07 10:00:00,2022-01-07 16:42:57.464,2022-01-07 16:42:57.464
137,80,84,88,25,2022-01-07 08:00:00,2022-01-07 16:42:57.463,2022-01-07 16:42:57.463
138,80,84,87,25,2022-01-07 00:00:00,2022-01-07 16:42:57.463,2022-01-07 16:42:57.463
139,80,85,88,25,2022-01-07 10:00:00,2022-01-07 16:43:04.948,2022-01-07 16:43:04.948
140,80,84,88,25,2022-01-07 08:00:00,2022-01-07 16:43:04.948,2022-01-07 16:43:04.948
141,80,84,87,25,2022-01-07 00:00:00,2022-01-07 16:43:04.948,2022-01-07 16:43:04.948
142,80,85,88,25,2022-01-07 10:00:00,2022-01-07 16:43:17.35,2022-01-07 16:43:17.35
143,80,84,88,25,2022-01-07 08:00:00,2022-01-07 16:43:17.35,2022-01-07 16:43:17.35
144,80,84,87,25,2022-01-07 00:00:00,2022-01-07 16:43:17.35,2022-01-07 16:43:17.35
145,80,85,88,25,2022-01-07 10:00:00,2022-01-07 16:43:25.435,2022-01-07 16:43:25.435
146,80,84,88,25,2022-01-07 08:00:00,2022-01-07 16:43:25.434,2022-01-07 16:43:25.435
147,80,84,87,25,2022-01-07 00:00:00,2022-01-07 16:43:25.434,2022-01-07 16:43:25.434
148,80,85,88,25,2022-01-07 10:00:00,2022-01-07 16:43:29.615,2022-01-07 16:43:29.615
149,80,84,88,25,2022-01-07 08:00:00,2022-01-07 16:43:29.615,2022-01-07 16:43:29.615
150,80,84,87,25,2022-01-07 00:00:00,2022-01-07 16:43:29.615,2022-01-07 16:43:29.615
151,80,85,88,25,2022-01-07 10:00:00,2022-01-07 16:48:33.6,2022-01-07 16:48:33.6
152,80,84,88,25,2022-01-07 08:00:00,2022-01-07 16:48:33.6,2022-01-07 16:48:33.6
153,80,84,87,25,2022-01-07 00:00:00,2022-01-07 16:48:33.6,2022-01-07 16:48:33.6
154,80,85,88,25,2022-01-07 10:00:00,2022-01-07 16:49:51.092,2022-01-07 16:49:51.092
155,80,84,88,25,2022-01-07 08:00:00,2022-01-07 16:49:51.092,2022-01-07 16:49:51.092
156,80,84,87,25,2022-01-07 00:00:00,2022-01-07 16:49:51.091,2022-01-07 16:49:51.091
157,80,85,88,25,2022-01-07 10:00:00,2022-01-07 16:50:08.419,2022-01-07 16:50:08.419
158,80,84,88,25,2022-01-07 08:00:00,2022-01-07 16:50:08.419,2022-01-07 16:50:08.419
159,80,84,87,25,2022-01-07 00:00:00,2022-01-07 16:50:08.419,2022-01-07 16:50:08.419
160,80,85,88,25,2022-01-07 10:00:00,2022-01-07 16:52:01.741,2022-01-07 16:52:01.741
161,80,84,88,25,2022-01-07 08:00:00,2022-01-07 16:52:01.741,2022-01-07 16:52:01.741
162,80,84,87,25,2022-01-07 00:00:00,2022-01-07 16:52:01.74,2022-01-07 16:52:01.74
163,80,85,88,25,2022-01-07 10:00:00,2022-01-07 16:52:20.808,2022-01-07 16:52:20.808
164,80,84,88,25,2022-01-07 08:00:00,2022-01-07 16:52:20.808,2022-01-07 16:52:20.808
165,80,84,87,25,2022-01-07 00:00:00,2022-01-07 16:52:20.808,2022-01-07 16:52:20.808
166,80,85,88,25,2022-01-07 10:00:00,2022-01-07 16:56:18.71,2022-01-07 16:56:18.71
167,80,84,88,25,2022-01-07 08:00:00,2022-01-07 16:56:18.71,2022-01-07 16:56:18.71
168,80,84,87,25,2022-01-07 00:00:00,2022-01-07 16:56:18.709,2022-01-07 16:56:18.709
169,80,85,88,25,2022-01-07 10:00:00,2022-01-07 16:58:13.596,2022-01-07 16:58:13.596
170,80,84,88,25,2022-01-07 08:00:00,2022-01-07 16:58:13.596,2022-01-07 16:58:13.596
171,80,84,87,25,2022-01-07 00:00:00,2022-01-07 16:58:13.595,2022-01-07 16:58:13.595
172,80,85,88,25,2022-01-07 10:00:00,2022-01-07 16:58:33.188,2022-01-07 16:58:33.188
173,80,84,88,25,2022-01-07 08:00:00,2022-01-07 16:58:33.188,2022-01-07 16:58:33.188
174,80,84,87,25,2022-01-07 00:00:00,2022-01-07 16:58:33.187,2022-01-07 16:58:33.187
175,80,85,88,25,2022-01-07 10:00:00,2022-01-07 17:02:43.751,2022-01-07 17:02:43.751
176,80,84,88,25,2022-01-07 08:00:00,2022-01-07 17:02:43.75,2022-01-07 17:02:43.75
177,80,84,87,25,2022-01-07 00:00:00,2022-01-07 17:02:43.75,2022-01-07 17:02:43.75
178,80,85,88,25,2022-01-07 10:00:00,2022-01-07 17:07:26.981,2022-01-07 17:07:26.981
179,80,84,88,25,2022-01-07 08:00:00,2022-01-07 17:07:26.981,2022-01-07 17:07:26.981
180,80,84,87,25,2022-01-07 00:00:00,2022-01-07 17:07:26.98,2022-01-07 17:07:26.98
181,80,84,87,25,2022-01-07 00:00:00,2022-01-07 17:13:09.006,2022-01-07 17:13:09.006
182,80,85,87,25,2022-01-31 00:00:00,2022-01-08 13:02:00.858,2022-01-08 13:02:00.858
183,80,84,87,25,2022-01-01 00:00:00,2022-01-08 13:02:00.857,2022-01-08 13:02:00.857
184,80,85,87,25,2022-01-31 00:00:00,2022-01-08 13:04:45.214,2022-01-08 13:04:45.214
185,80,84,87,25,2022-01-01 00:00:00,2022-01-08 13:04:45.214,2022-01-08 13:04:45.214
186,80,85,87,25,2022-01-15 00:00:00,2022-01-08 14:13:32.966,2022-01-08 14:13:32.966
187,80,84,87,25,2022-01-09 00:00:00,2022-01-08 14:13:32.965,2022-01-08 14:13:32.965
188,80,85,88,25,2022-01-08 08:00:00,2022-01-08 14:25:21.885,2022-01-08 14:25:21.885
189,80,84,88,25,2022-01-08 06:00:00,2022-01-08 14:25:21.884,2022-01-08 14:25:21.884
190,80,84,87,25,2022-01-09 00:00:00,2022-01-08 14:25:21.884,2022-01-08 14:25:21.884
191,81,84,89,25,2022-01-08 00:00:00,2022-01-08 16:16:01.183,2022-01-08 16:16:01.183
192,81,84,89,25,2022-01-08 00:00:00,2022-01-08 16:16:34.912,2022-01-08 16:16:34.912
195,80,84,87,25,2022-01-08 00:00:00,2022-01-08 18:08:15.393,2022-01-08 18:08:15.393
198,80,84,87,25,2022-01-08 00:00:00,2022-01-08 18:09:26.617,2022-01-08 18:09:26.617
201,80,84,87,25,2022-01-08 00:00:00,2022-01-08 18:09:31.263,2022-01-08 18:09:31.263
204,80,84,87,25,2022-01-08 00:00:00,2022-01-08 18:09:35.749,2022-01-08 18:09:35.749
207,80,84,87,25,2022-01-08 00:00:00,2022-01-08 18:09:39.882,2022-01-08 18:09:39.882
197,80,84,88,25,2022-01-08 21:00:00,2022-01-08 18:09:26.617,2022-01-08 18:44:22.141433
196,80,85,88,25,2022-01-08 22:00:00,2022-01-08 18:09:26.617,2022-01-08 18:44:22.141641
200,80,84,88,25,2022-01-08 21:00:00,2022-01-08 18:09:31.265,2022-01-08 18:44:33.525741
199,80,85,88,25,2022-01-08 22:00:00,2022-01-08 18:09:31.266,2022-01-08 18:44:33.526018
203,80,84,88,25,2022-01-08 21:00:00,2022-01-08 18:09:35.749,2022-01-08 18:44:44.233316
202,80,85,88,25,2022-01-08 22:00:00,2022-01-08 18:09:35.75,2022-01-08 18:44:44.233521
206,80,84,88,25,2022-01-08 21:00:00,2022-01-08 18:09:39.882,2022-01-08 18:44:55.590824
205,80,85,88,25,2022-01-08 22:00:00,2022-01-08 18:09:39.883,2022-01-08 18:44:55.591032
194,80,84,88,25,2022-01-08 21:00:00,2022-01-08 18:08:15.395,2022-01-08 18:45:29.622787
193,80,85,88,25,2022-01-08 22:00:00,2022-01-08 18:08:15.395,2022-01-08 18:45:29.622998
208,81,84,89,25,2022-01-08 00:00:00,2022-01-08 19:40:20.868,2022-01-08 19:40:20.868
209,81,84,89,25,2022-01-10 00:00:00,2022-01-10 11:23:16.644,2022-01-10 11:23:16.644
210,81,84,89,25,2022-01-11 00:00:00,2022-01-11 13:31:33.997,2022-01-11 13:31:33.997
211,81,84,89,25,2022-01-12 00:00:00,2022-01-12 09:32:23.147,2022-01-12 09:32:23.149
212,81,84,89,25,2022-01-14 00:00:00,2022-01-14 11:52:39.622,2022-01-14 11:52:39.622
213,81,84,89,25,2022-01-14 00:00:00,2022-01-14 11:52:55.109,2022-01-14 11:52:55.109
214,81,84,89,25,2022-01-15 00:00:00,2022-01-14 13:27:30.892,2022-01-14 13:27:30.892
215,80,85,87,25,2022-06-28 01:00:00,2022-01-16 14:05:58.232,2022-01-16 14:05:58.232
216,80,84,87,25,2022-01-11 00:00:00,2022-01-16 14:05:58.232,2022-01-16 14:05:58.232
217,80,85,87,25,2022-06-28 01:00:00,2022-01-16 14:22:57.568,2022-01-16 14:22:57.568
218,80,84,87,25,2022-01-16 00:00:00,2022-01-16 14:22:57.568,2022-01-16 14:22:57.568
219,80,85,87,25,2022-06-28 01:00:00,2022-01-16 14:23:23.762,2022-01-16 14:23:23.762
220,80,84,87,25,2022-01-16 00:00:00,2022-01-16 14:23:23.762,2022-01-16 14:23:23.762
221,80,85,87,25,2022-06-28 01:00:00,2022-01-16 14:24:45.928,2022-01-16 14:24:45.928
222,80,84,87,25,2022-01-16 00:00:00,2022-01-16 14:24:45.928,2022-01-16 14:24:45.928
223,80,85,87,25,2022-06-28 01:00:00,2022-01-16 14:24:57.975,2022-01-16 14:24:57.975
224,80,84,87,25,2022-01-16 00:00:00,2022-01-16 14:24:57.974,2022-01-16 14:24:57.974
225,80,85,87,25,2022-06-28 01:00:00,2022-01-16 14:25:15.18,2022-01-16 14:25:15.18
226,80,84,87,25,2022-01-16 00:00:00,2022-01-16 14:25:15.18,2022-01-16 14:25:15.18
227,80,85,87,25,2022-06-28 01:00:00,2022-01-16 14:25:28.908,2022-01-16 14:25:28.908
228,80,84,87,25,2022-01-16 00:00:00,2022-01-16 14:25:28.908,2022-01-16 14:25:28.908
229,80,85,87,25,2022-06-28 01:00:00,2022-01-16 14:25:53.784,2022-01-16 14:25:53.784
230,80,84,87,25,2022-01-16 00:00:00,2022-01-16 14:25:53.783,2022-01-16 14:25:53.783
231,81,84,89,25,2022-01-18 00:00:00,2022-01-18 09:19:06.704,2022-01-18 09:19:06.704
232,81,84,89,25,2022-01-19 00:00:00,2022-01-19 09:37:08.735,2022-01-19 09:37:08.735
233,80,85,87,25,2022-01-28 00:00:00,2022-01-24 11:13:37.324,2022-01-24 11:13:37.324
234,80,84,87,25,2022-01-24 00:00:00,2022-01-24 11:13:37.323,2022-01-24 11:13:37.323
235,80,85,87,25,2022-01-28 00:00:00,2022-01-24 11:16:45.932,2022-01-24 11:16:45.932
236,80,84,87,25,2022-01-24 00:00:00,2022-01-24 11:16:45.932,2022-01-24 11:16:45.932
237,80,85,87,25,2022-01-28 00:00:00,2022-01-24 11:17:25.295,2022-01-24 11:17:25.295
238,80,84,87,25,2022-01-24 00:00:00,2022-01-24 11:17:25.295,2022-01-24 11:17:25.295
239,80,85,87,25,2022-01-24 00:00:00,2022-01-24 11:17:33.786,2022-01-24 11:17:33.786
240,80,84,87,25,2022-01-24 00:00:00,2022-01-24 11:17:33.785,2022-01-24 11:17:33.785
241,80,85,87,25,2022-01-24 00:00:00,2022-01-24 11:20:31.228,2022-01-24 11:20:31.228
242,80,84,87,25,2022-01-24 00:00:00,2022-01-24 11:20:31.228,2022-01-24 11:20:31.228
243,80,85,87,25,2022-01-28 00:00:00,2022-01-24 11:21:48.947,2022-01-24 11:21:48.947
244,80,84,87,25,2022-01-24 00:00:00,2022-01-24 11:21:48.947,2022-01-24 11:21:48.947
245,80,85,87,25,2022-01-28 00:00:00,2022-01-24 11:22:53.581,2022-01-24 11:22:53.581
246,80,84,87,25,2022-01-24 00:00:00,2022-01-24 11:22:53.581,2022-01-24 11:22:53.581
247,80,85,87,25,2022-01-28 00:00:00,2022-01-24 11:24:01.851,2022-01-24 11:24:01.851
248,80,84,87,25,2022-01-24 00:00:00,2022-01-24 11:24:01.851,2022-01-24 11:24:01.851
249,80,85,87,25,2022-01-28 00:00:00,2022-01-24 11:29:09.188,2022-01-24 11:29:09.188
250,80,84,87,25,2022-01-24 00:00:00,2022-01-24 11:29:09.188,2022-01-24 11:29:09.188
251,80,85,87,25,2022-01-28 00:00:00,2022-01-24 11:29:19.268,2022-01-24 11:29:19.268
252,80,84,87,25,2022-01-24 00:00:00,2022-01-24 11:29:19.268,2022-01-24 11:29:19.268
253,80,85,87,25,2022-01-28 00:00:00,2022-01-24 11:30:37.648,2022-01-24 11:30:37.648
254,80,84,87,25,2022-01-24 00:00:00,2022-01-24 11:30:37.647,2022-01-24 11:30:37.647
255,81,84,89,25,2022-01-24 00:00:00,2022-01-24 11:31:33.157,2022-01-24 11:31:33.157
256,81,84,89,25,2022-01-24 00:00:00,2022-01-24 11:47:30.053,2022-01-24 11:47:30.053
257,81,84,89,25,2022-02-10 00:00:00,2022-02-10 12:01:01.123,2022-02-10 12:01:01.126
258,81,84,89,25,2022-02-13 00:00:00,2022-02-13 11:56:18.592,2022-02-13 11:56:18.592
259,81,84,89,25,2022-02-13 00:00:00,2022-02-13 11:56:55.911,2022-02-13 11:56:55.911
260,81,84,89,25,2022-02-13 00:00:00,2022-02-13 12:13:29.831,2022-02-13 12:13:29.831
261,81,84,89,25,2022-02-13 00:00:00,2022-02-13 14:20:08.947,2022-02-13 14:20:08.947
262,81,84,89,25,2022-02-13 00:00:00,2022-02-13 17:10:25.4,2022-02-13 17:10:25.4
263,81,84,89,25,2022-02-07 00:00:00,2022-02-17 09:53:22.66,2022-02-17 09:53:22.66
264,81,84,89,25,2022-02-07 00:00:00,2022-02-17 09:54:26.718,2022-02-17 09:54:26.718
265,81,84,89,25,2022-02-23 00:00:00,2022-02-23 11:00:04.062,2022-02-23 11:00:04.062
266,81,84,89,25,2022-02-23 00:00:00,2022-02-23 13:39:59.937,2022-02-23 13:39:59.937
267,81,84,89,25,2022-02-23 00:00:00,2022-02-23 14:08:38.566,2022-02-23 14:08:38.566
268,81,84,89,25,2022-02-23 00:00:00,2022-02-24 07:53:40.973,2022-02-24 07:53:40.974
269,81,84,89,25,2022-02-23 00:00:00,2022-02-24 07:54:53.667,2022-02-24 07:54:53.667
270,81,84,89,25,2022-02-24 00:00:00,2022-02-24 11:13:31.955,2022-02-24 11:13:31.955
271,81,84,89,25,2022-02-24 00:00:00,2022-02-24 11:20:01.493,2022-02-24 11:20:01.493
272,81,84,89,25,2022-03-08 00:00:00,2022-03-08 08:19:53.243,2022-03-08 08:19:53.243
273,81,84,89,25,2022-03-08 00:00:00,2022-03-08 08:20:20.559,2022-03-08 08:20:20.559
274,81,84,89,25,2022-03-08 00:00:00,2022-03-08 08:20:49.1,2022-03-08 08:20:49.1
275,81,84,89,25,2022-03-08 00:00:00,2022-03-08 08:35:36.266,2022-03-08 08:35:36.266
276,81,84,89,25,2022-03-08 00:00:00,2022-03-08 10:24:43.852,2022-03-08 10:24:43.852
277,81,84,89,25,2022-03-08 00:00:00,2022-03-08 10:24:54.066,2022-03-08 10:24:54.066
278,81,84,89,25,2022-03-08 00:00:00,2022-03-08 10:24:59.987,2022-03-08 10:24:59.987
279,80,85,88,25,2022-03-16 14:00:00,2022-03-16 20:41:47.745,2022-03-16 20:41:47.745
280,80,84,88,25,2022-03-16 13:00:00,2022-03-16 20:41:47.745,2022-03-16 20:41:47.745
281,80,84,87,25,2022-03-16 00:00:00,2022-03-16 20:41:47.744,2022-03-16 20:41:47.744
282,80,85,87,25,2022-03-27 00:00:00,2022-03-20 11:45:57.447,2022-03-20 11:45:57.447
283,80,84,87,25,2022-03-20 00:00:00,2022-03-20 11:45:57.447,2022-03-20 11:45:57.447
284,80,85,88,25,2022-03-22 01:55:00,2022-03-22 09:21:04.771,2022-03-22 09:21:04.771
285,80,84,88,25,2022-03-22 11:15:00,2022-03-22 09:21:04.771,2022-03-22 09:21:04.771
286,80,85,87,25,2022-03-22 00:00:00,2022-03-22 09:21:04.771,2022-03-22 09:21:04.771
287,80,84,87,25,2022-03-22 00:00:00,2022-03-22 09:21:04.768,2022-03-22 09:21:04.768
288,80,85,88,25,2022-03-22 13:55:00,2022-03-22 10:10:40.874,2022-03-22 10:10:40.874
289,80,84,88,25,2022-03-22 11:15:00,2022-03-22 10:10:40.874,2022-03-22 10:10:40.874
290,80,85,87,25,2022-03-25 00:00:00,2022-03-22 10:10:40.873,2022-03-22 10:10:40.873
291,80,84,87,25,2022-03-22 00:00:00,2022-03-22 10:10:40.873,2022-03-22 10:10:40.873
292,81,84,89,25,2022-03-24 00:00:00,2022-03-24 14:26:03.953,2022-03-24 14:26:03.953
293,80,85,87,25,2022-03-27 00:00:00,2022-03-24 21:11:20.205,2022-03-24 21:11:20.205
294,80,84,87,25,2022-03-20 00:00:00,2022-03-24 21:11:20.204,2022-03-24 21:11:20.204
295,80,84,87,25,2022-03-24 00:00:00,2022-03-24 21:13:13.633,2022-03-24 21:13:13.633
296,80,85,87,25,2022-04-02 00:00:00,2022-03-25 09:45:20.707,2022-03-25 09:45:20.707
297,80,84,87,25,2022-03-27 00:00:00,2022-03-25 09:45:20.707,2022-03-25 09:45:20.707
298,80,85,87,25,2022-03-26 00:00:00,2022-03-26 11:20:03.518,2022-03-26 11:20:03.518
299,80,84,87,25,2022-03-26 00:00:00,2022-03-26 11:20:03.517,2022-03-26 11:20:03.517
300,80,85,87,25,2022-03-26 00:00:00,2022-03-26 11:22:23.778,2022-03-26 11:22:23.778
301,80,84,87,25,2022-03-26 00:00:00,2022-03-26 11:22:23.777,2022-03-26 11:22:23.777
302,80,85,87,25,2022-03-26 00:00:00,2022-03-26 11:29:14.981,2022-03-26 11:29:14.981
303,80,84,87,25,2022-03-26 00:00:00,2022-03-26 11:29:14.981,2022-03-26 11:29:14.981
304,80,85,87,25,2022-03-26 00:00:00,2022-03-26 11:44:45.343,2022-03-26 11:44:45.343
305,80,84,87,25,2022-03-26 00:00:00,2022-03-26 11:44:45.342,2022-03-26 11:44:45.342
306,81,84,89,25,2022-04-01 00:00:00,2022-04-01 13:47:42.909,2022-04-01 13:47:42.909
307,81,84,89,25,2022-04-01 00:00:00,2022-04-01 13:47:42.916,2022-04-01 13:47:42.916
308,81,84,89,25,2022-04-04 00:00:00,2022-04-04 08:20:10.29,2022-04-04 08:20:10.29
309,81,84,89,25,2022-04-04 00:00:00,2022-04-04 08:20:10.303,2022-04-04 08:20:10.303
310,81,84,89,25,2022-04-05 00:00:00,2022-04-04 23:46:58.917,2022-04-04 23:46:58.917
311,81,84,89,25,2022-04-05 00:00:00,2022-04-04 23:46:59.024,2022-04-04 23:46:59.024
312,81,84,89,25,2022-04-05 00:00:00,2022-04-05 22:50:19.309,2022-04-05 22:50:19.309
313,81,84,89,25,2022-04-05 00:00:00,2022-04-05 22:50:19.376,2022-04-05 22:50:19.376
314,81,84,89,25,2022-04-06 00:00:00,2022-04-07 10:01:11.16,2022-04-07 10:01:11.16
315,81,84,89,25,2022-04-06 00:00:00,2022-04-07 10:01:11.17,2022-04-07 10:01:11.17
316,80,85,87,25,2022-04-09 00:00:00,2022-04-07 17:14:58.671,2022-04-07 17:14:58.671
317,80,84,87,25,2022-04-03 00:00:00,2022-04-07 17:14:58.67,2022-04-07 17:14:58.67
318,81,84,89,25,2022-04-03 00:00:00,2022-04-07 17:52:47.977,2022-04-07 17:52:47.977
319,81,84,89,25,2022-04-09 23:59:59,2022-04-07 17:52:48.053,2022-04-07 17:52:48.053
320,81,84,89,25,2022-04-03 00:00:00,2022-04-07 17:53:00.205,2022-04-07 17:53:00.205
321,81,84,89,25,2022-04-09 23:59:59,2022-04-07 17:53:00.217,2022-04-07 17:53:00.217
322,81,84,89,25,2022-04-03 00:00:00,2022-04-07 17:54:19.586,2022-04-07 17:54:19.586
323,81,84,89,25,2022-04-09 23:59:59,2022-04-07 17:54:19.592,2022-04-07 17:54:19.592
324,81,84,89,25,2022-04-12 00:00:00,2022-04-12 07:28:59.619,2022-04-12 07:28:59.619
325,81,84,89,25,2022-04-12 00:00:00,2022-04-12 07:28:59.629,2022-04-12 07:28:59.629
326,81,84,89,25,2022-04-12 00:00:00,2022-04-12 08:40:29.063,2022-04-12 08:40:29.063
327,81,84,89,25,2022-04-12 00:00:00,2022-04-12 08:40:29.068,2022-04-12 08:40:29.068
328,80,85,87,25,2022-04-17 00:00:00,2022-04-12 19:49:35.458,2022-04-12 19:49:35.458
329,80,84,87,25,2022-04-12 00:00:00,2022-04-12 19:49:35.456,2022-04-12 19:49:35.456
330,81,84,89,25,2022-04-13 00:00:00,2022-04-12 19:50:32.986,2022-04-12 19:50:32.986
331,81,84,89,25,2022-04-13 00:00:00,2022-04-12 19:50:32.99,2022-04-12 19:50:32.99
332,81,84,89,25,2022-04-13 00:00:00,2022-04-13 09:04:11.95,2022-04-13 09:04:11.95
333,81,84,89,25,2022-04-13 00:00:00,2022-04-13 09:04:11.954,2022-04-13 09:04:11.954
334,81,84,89,25,2022-04-13 00:00:00,2022-04-13 10:22:13.299,2022-04-13 10:22:13.299
335,81,84,89,25,2022-04-13 00:00:00,2022-04-13 10:22:13.303,2022-04-13 10:22:13.303
336,81,84,89,25,2022-04-15 00:00:00,2022-04-15 12:00:37.745,2022-04-15 12:00:37.745
337,81,84,89,25,2022-04-15 00:00:00,2022-04-15 12:00:37.756,2022-04-15 12:00:37.756
338,81,84,89,25,2022-04-15 00:00:00,2022-04-15 12:02:08.698,2022-04-15 12:02:08.697
339,81,84,89,25,2022-04-15 00:00:00,2022-04-15 12:02:08.7,2022-04-15 12:02:08.7
340,81,84,89,25,2022-04-15 00:00:00,2022-04-15 12:02:41.848,2022-04-15 12:02:41.848
341,81,84,89,25,2022-04-15 00:00:00,2022-04-15 12:02:41.853,2022-04-15 12:02:41.853
342,81,84,89,25,2022-04-15 00:00:00,2022-04-15 15:44:23.275,2022-04-15 15:44:23.275
343,81,84,89,25,2022-04-15 00:00:00,2022-04-15 15:44:23.282,2022-04-15 15:44:23.282
344,81,84,89,25,2022-04-15 00:00:00,2022-04-15 15:44:33.638,2022-04-15 15:44:33.638
345,81,84,89,25,2022-04-15 00:00:00,2022-04-15 15:44:33.64,2022-04-15 15:44:33.64
346,80,85,87,25,2022-04-20 00:00:00,2022-04-20 10:54:24.276,2022-04-20 10:54:24.276
347,80,84,87,25,2022-04-20 00:00:00,2022-04-20 10:54:24.275,2022-04-20 10:54:24.275
348,80,84,87,25,2022-04-20 00:00:00,2022-04-20 10:55:19.221,2022-04-20 10:55:19.221
349,80,85,87,25,2022-05-01 00:00:00,2022-04-20 15:21:28.05,2022-04-20 15:21:28.05
350,80,84,87,25,2022-04-20 00:00:00,2022-04-20 15:21:28.05,2022-04-20 15:21:28.05
351,81,84,89,25,2022-04-21 00:00:00,2022-04-21 10:40:19.586,2022-04-21 10:40:19.586
352,81,84,89,25,2022-04-21 00:00:00,2022-04-21 10:40:19.595,2022-04-21 10:40:19.595
353,80,85,87,25,2022-04-22 00:00:00,2022-04-22 10:01:10.741,2022-04-22 10:01:10.741
354,80,84,87,25,2022-04-21 00:00:00,2022-04-22 10:01:10.74,2022-04-22 10:01:10.74
355,81,84,89,25,2022-04-22 00:00:00,2022-04-22 12:40:00.29,2022-04-22 12:40:00.29
356,81,84,89,25,2022-04-22 00:00:00,2022-04-22 12:40:00.31,2022-04-22 12:40:00.31
357,80,85,87,25,2022-04-26 00:00:00,2022-04-26 08:42:49.906,2022-04-26 08:42:49.906
358,80,84,87,25,2022-04-25 00:00:00,2022-04-26 08:42:49.906,2022-04-26 08:42:49.906
359,81,84,89,25,2022-04-27 00:00:00,2022-04-27 12:54:45.996,2022-04-27 12:54:45.996
360,81,84,89,25,2022-04-27 00:00:00,2022-04-27 12:54:46.017,2022-04-27 12:54:46.017
361,81,84,89,25,2022-04-27 00:00:00,2022-04-27 12:55:19.432,2022-04-27 12:55:19.432
362,81,84,89,25,2022-04-27 00:00:00,2022-04-27 12:55:19.436,2022-04-27 12:55:19.436
363,80,85,87,25,2022-05-05 00:00:00,2022-04-27 13:00:29.421,2022-04-27 13:00:29.421
364,80,84,87,25,2022-04-27 00:00:00,2022-04-27 13:00:29.42,2022-04-27 13:00:29.42
365,80,85,87,25,2022-05-04 00:00:00,2022-04-28 11:15:21.653,2022-04-28 11:15:21.653
366,80,84,87,25,2022-04-28 00:00:00,2022-04-28 11:15:21.652,2022-04-28 11:15:21.652
367,80,85,87,25,2022-05-04 00:00:00,2022-04-28 11:16:00.514,2022-04-28 11:16:00.514
368,80,84,87,25,2022-04-28 00:00:00,2022-04-28 11:16:00.514,2022-04-28 11:16:00.514
369,80,85,87,25,2022-05-04 00:00:00,2022-04-28 12:26:54.36,2022-04-28 12:26:54.36
370,80,84,87,25,2022-04-28 00:00:00,2022-04-28 12:26:54.36,2022-04-28 12:26:54.36
371,80,85,87,25,2022-04-25 00:00:00,2022-04-28 17:02:33.103,2022-04-28 17:02:33.103
372,80,84,87,25,2022-04-25 00:00:00,2022-04-28 17:02:33.102,2022-04-28 17:02:33.102
373,80,85,87,25,2022-05-08 00:00:00,2022-05-06 18:20:10.275,2022-05-06 18:20:10.275
374,80,84,87,25,2022-05-06 00:00:00,2022-05-06 18:20:10.275,2022-05-06 18:20:10.275
375,80,85,88,25,2022-05-06 07:10:00,2022-05-06 20:32:00.912,2022-05-06 20:32:00.912
376,80,84,88,25,2022-05-06 07:00:00,2022-05-06 20:32:00.912,2022-05-06 20:32:00.912
377,80,85,87,25,2022-05-13 00:00:00,2022-05-06 20:32:00.911,2022-05-06 20:32:00.911
378,80,84,87,25,2022-05-09 00:00:00,2022-05-06 20:32:00.911,2022-05-06 20:32:00.911