8|81|84|89|25|2021-07-26 20:02:38-04|2021-07-26 20:06:14.043-04|2021-07-26 20:06:14.043-04
9|81|84|89|25|2021-07-26 21:17:53-04|2021-07-26 21:18:00.214-04|2021-07-26 21:18:00.214-04
10|80|84|89|25|2021-07-26 23:39:51.668-04|2021-07-26 23:39:51.677-04|2021-07-26 23:39:51.677-04
11|80|84|87|25|2021-07-27 00:00:00-04|2021-07-26 23:42:45.105-04|2021-07-26 23:42:45.105-04
12|80|84|87|25|2021-07-28 00:00:00-04|2021-07-28 14:10:39.183-04|2021-07-28 14:10:39.183-04
13|80|84|87|25|2021-07-28 00:00:00-04|2021-07-28 23:30:42.663-04|2021-07-28 23:30:42.663-04
14|81|84|89|25|2021-07-29 11:27:48-04|2021-07-29 11:28:08.183-04|2021-07-29 11:28:08.183-04
15|80|85|87|25|2021-08-01 00:00:00-04|2021-07-29 12:53:02.973-04|2021-07-29 12:53:02.973-04
16|80|84|87|25|2021-07-29 12:52:00-04|2021-07-29 12:53:02.972-04|2021-07-29 12:53:02.972-04
17|81|84|89|25|2021-07-29 19:37:39-04|2021-07-29 19:37:51.921-04|2021-07-29 19:37:51.921-04
18|81|84|89|25|2021-07-29 21:33:23-04|2021-07-29 21:33:29.772-04|2021-07-29 21:33:29.772-04
19|81|84|89|25|2021-07-31 14:12:09-04|2021-07-31 14:12:16.425-04|2021-07-31 14:12:16.425-04
20|81|84|89|25|2021-07-30 00:00:00-04|2021-07-31 14:14:32.328-04|2021-07-31 14:14:32.328-04
21|81|84|89|25|2021-07-30 00:00:00-04|2021-07-31 14:40:42.892-04|2021-07-31 14:40:42.891-04
22|81|84|89|25|2021-07-30 00:00:00-04|2021-07-31 14:48:02.503-04|2021-07-31 14:48:02.503-04
23|81|84|89|25|2021-07-30 00:00:00-04|2021-07-31 14:52:20.55-04|2021-07-31 14:52:20.55-04
24|81|84|89|25|2021-07-30 00:00:00-04|2021-07-31 14:59:25.497-04|2021-07-31 14:59:25.497-04
25|80|85|87|25|2021-08-06 00:00:00-04|2021-07-31 18:44:45.013-04|2021-07-31 18:44:45.013-04
26|80|84|87|25|2021-07-31 18:45:00-04|2021-07-31 18:46:20.421-04|2021-07-31 18:46:20.421-04
27|81|84|89|25|2021-07-31 00:00:00-04|2021-08-01 13:41:59.076-04|2021-08-01 13:41:59.076-04
28|80|85|87|25|2021-08-21 00:00:00-04|2021-08-05 23:43:48.92-04|2021-08-05 23:43:48.92-04
29|80|84|87|25|2021-08-05 23:43:00-04|2021-08-05 23:43:48.92-04|2021-08-05 23:43:48.92-04
30|80|84|87|25|2021-08-06 00:17:00-04|2021-08-06 00:17:39.797-04|2021-08-06 00:17:39.797-04
31|80|84|87|25|2021-07-28 00:00:00-04|2021-08-09 13:08:45.408-04|2021-08-09 13:08:45.408-04
32|80|84|87|25|2021-07-28 00:00:00-04|2021-08-09 13:11:20.124-04|2021-08-09 13:11:20.123-04
33|80|84|87|25|2021-07-28 00:00:00-04|2021-08-09 13:12:51.333-04|2021-08-09 13:12:51.333-04
34|80|84|87|25|2021-07-28 00:00:00-04|2021-08-09 13:14:31.885-04|2021-08-09 13:14:31.885-04
35|80|84|87|25|2021-07-28 00:00:00-04|2021-08-09 13:14:43.468-04|2021-08-09 13:14:43.468-04
36|80|84|87|25|2021-07-28 00:00:00-04|2021-08-09 13:18:21.567-04|2021-08-09 13:18:21.567-04
37|80|84|87|25|2021-07-28 00:00:00-04|2021-08-09 13:22:08.143-04|2021-08-09 13:22:08.143-04
38|80|84|87|25|2021-07-28 00:00:00-04|2021-08-09 13:23:13.623-04|2021-08-09 13:23:13.623-04
39|80|84|87|25|2021-07-28 00:00:00-04|2021-08-09 13:23:55.073-04|2021-08-09 13:23:55.073-04
40|80|84|87|25|2021-07-28 00:00:00-04|2021-08-09 13:26:28.386-04|2021-08-09 13:26:28.386-04
41|80|84|87|25|2021-07-28 00:00:00-04|2021-08-09 13:30:50.732-04|2021-08-09 13:30:50.732-04
42|80|84|87|25|2021-07-28 00:00:00-04|2021-08-09 13:31:08.792-04|2021-08-09 13:31:08.792-04
43|80|84|87|25|2021-07-28 00:00:00-04|2021-08-09 13:31:22.34-04|2021-08-09 13:31:22.34-04
44|80|84|87|25|2021-07-28 00:00:00-04|2021-08-09 13:31:38.326-04|2021-08-09 13:31:38.326-04
45|80|84|87|25|2021-07-28 00:00:00-04|2021-08-09 13:31:43.446-04|2021-08-09 13:31:43.446-04
46|81|84|89|25|2021-08-09 00:00:00-04|2021-08-09 15:17:37.116-04|2021-08-09 15:17:37.116-04
47|81|84|89|25|2021-08-09 00:00:00-04|2021-08-09 15:20:04.999-04|2021-08-09 15:20:04.999-04
48|81|84|89|25|2021-08-09 00:00:00-04|2021-08-09 15:23:26.865-04|2021-08-09 15:23:26.865-04
49|81|84|89|25|2021-08-09 00:00:00-04|2021-08-09 15:26:13.385-04|2021-08-09 15:26:13.385-04
50|81|84|89|25|2021-08-09 00:00:00-04|2021-08-09 15:27:01.146-04|2021-08-09 15:27:01.146-04
51|81|84|89|25|2021-08-09 00:00:00-04|2021-08-09 15:28:15.89-04|2021-08-09 15:28:15.89-04
52|80|84|87|25|2021-08-09 15:30:00-04|2021-08-09 15:30:13.803-04|2021-08-09 15:30:13.803-04
53|80|84|87|25|2021-08-09 15:35:00-04|2021-08-09 15:35:15.688-04|2021-08-09 15:35:15.688-04
54|80|84|87|25|2021-08-09 15:36:00-04|2021-08-09 15:37:00.719-04|2021-08-09 15:37:00.719-04
55|80|84|87|25|2021-08-09 00:00:00-04|2021-08-09 15:51:17.476-04|2021-08-09 15:51:17.476-04
56|81|84|89|25|2021-08-09 00:00:00-04|2021-08-09 16:21:49.613-04|2021-08-09 16:21:49.614-04
57|81|84|89|25|2021-08-09 00:00:00-04|2021-08-09 16:37:22.69-04|2021-08-09 16:37:22.69-04
58|81|84|89|25|2021-08-09 00:00:00-04|2021-08-09 16:37:27.399-04|2021-08-09 16:37:27.399-04
59|81|84|89|25|2021-08-09 00:00:00-04|2021-08-09 16:37:51.75-04|2021-08-09 16:37:51.75-04
60|81|84|89|25|2021-08-09 00:00:00-04|2021-08-09 20:53:03.12-04|2021-08-09 20:53:03.12-04
61|81|84|89|25|2021-08-09 00:00:00-04|2021-08-09 20:54:04.598-04|2021-08-09 20:54:04.598-04
62|80|84|87|25|2021-08-23 00:00:00-04|2021-08-09 23:52:36.049-04|2021-08-09 23:52:36.049-04
63|81|84|89|25|2021-08-11 00:00:00-04|2021-08-11 13:29:27.041-04|2021-08-11 13:29:27.041-04
64|81|84|89|25|2021-08-11 00:00:00-04|2021-08-11 13:30:43.245-04|2021-08-11 13:30:43.245-04
65|81|84|89|25|2021-08-11 00:00:00-04|2021-08-11 13:57:41.482-04|2021-08-11 13:57:41.482-04
66|81|84|89|25|2021-08-11 00:00:00-04|2021-08-11 13:58:08.448-04|2021-08-11 13:58:08.448-04
67|81|84|89|25|2021-08-11 00:00:00-04|2021-08-11 13:58:25.361-04|2021-08-11 13:58:25.361-04
68|81|84|89|25|2021-08-14 00:00:00-04|2021-08-14 00:49:48.596-04|2021-08-14 00:49:48.596-04
69|81|84|89|25|2021-08-15 00:00:00-04|2021-08-15 18:57:47.584-04|2021-08-15 18:57:47.584-04
70|81|84|89|25|2021-08-15 00:00:00-04|2021-08-15 18:59:18.484-04|2021-08-15 18:59:18.484-04
71|80|84|87|25|2021-08-21 00:00:00-04|2021-08-21 00:52:04.359-04|2021-08-21 00:52:04.359-04
72|80|84|87|25|2021-08-21 00:00:00-04|2021-08-21 00:52:09.194-04|2021-08-21 00:52:09.194-04
73|80|84|87|25|2021-08-21 00:00:00-04|2021-08-21 00:52:18.887-04|2021-08-21 00:52:18.887-04
74|81|84|89|25|2021-08-21 00:00:00-04|2021-08-21 12:06:43.862-04|2021-08-21 12:06:43.862-04
75|81|84|89|25|2021-08-21 00:00:00-04|2021-08-21 12:07:11.709-04|2021-08-21 12:07:11.709-04
76|81|84|89|25|2021-08-21 00:00:00-04|2021-08-21 12:07:29.232-04|2021-08-21 12:07:29.232-04
77|81|84|89|25|2021-08-21 00:00:00-04|2021-08-21 14:00:05.275-04|2021-08-21 14:00:05.275-04
78|81|84|89|25|2021-08-21 00:00:00-04|2021-08-21 14:00:37.227-04|2021-08-21 14:00:37.226-04
79|81|84|89|25|2021-09-01 00:00:00-04|2021-09-01 11:00:19.012-04|2021-09-01 11:00:19.012-04
80|81|84|89|25|2021-09-01 00:00:00-04|2021-09-01 11:00:37.049-04|2021-09-01 11:00:37.049-04
81|81|84|89|25|2021-09-01 00:00:00-04|2021-09-01 11:00:54.658-04|2021-09-01 11:00:54.658-04
82|81|84|89|25|2021-09-01 00:00:00-04|2021-09-01 14:55:46.08-04|2021-09-01 14:55:46.08-04
83|81|84|89|25|2021-09-01 00:00:00-04|2021-09-01 14:55:49.212-04|2021-09-01 14:55:49.212-04
84|80|84|87|25|2021-09-13 00:00:00-04|2021-09-13 14:02:59.582-04|2021-09-13 14:02:59.583-04
85|81|84|89|25|2021-09-21 00:00:00-04|2021-09-21 21:01:15.955-04|2021-09-21 21:01:15.955-04
86|80|85|87|25|2021-11-07 00:00:00-04|2021-11-03 12:02:44.323-04|2021-11-03 12:02:44.323-04
87|80|84|87|25|2021-11-03 00:00:00-04|2021-11-03 12:02:44.322-04|2021-11-03 12:02:44.322-04
88|81|84|89|25|2021-11-03 00:00:00-04|2021-11-03 12:04:01.574-04|2021-11-03 12:04:01.574-04
89|81|84|89|25|2021-11-03 00:00:00-04|2021-11-03 12:06:56.958-04|2021-11-03 12:06:56.958-04
90|81|84|89|25|2021-11-04 00:00:00-04|2021-11-04 11:20:36.177-04|2021-11-04 11:20:36.177-04
91|81|84|89|25|2021-11-04 00:00:00-04|2021-11-04 11:20:39.628-04|2021-11-04 11:20:39.628-04
92|81|84|89|25|2021-11-04 00:00:00-04|2021-11-04 11:22:46.358-04|2021-11-04 11:22:46.358-04
93|81|84|89|25|2021-11-04 00:00:00-04|2021-11-04 14:41:24.433-04|2021-11-04 14:41:24.433-04
94|81|84|89|25|2021-11-04 00:00:00-04|2021-11-04 14:41:29.098-04|2021-11-04 14:41:29.098-04
95|81|84|89|25|2021-11-04 00:00:00-04|2021-11-05 07:18:22.129-04|2021-11-05 07:18:22.129-04
96|81|84|89|25|2021-11-04 00:00:00-04|2021-11-05 07:21:18.807-04|2021-11-05 07:21:18.807-04
97|81|84|89|25|2021-11-09 00:00:00-05|2021-11-09 15:13:18.655-05|2021-11-09 15:13:18.655-05
98|81|84|89|25|2021-11-09 00:00:00-05|2021-11-09 22:38:57.469-05|2021-11-09 22:38:57.469-05
99|81|84|89|25|2021-11-09 00:00:00-05|2021-11-09 22:40:02.129-05|2021-11-09 22:40:02.129-05
100|81|84|89|25|2021-11-12 00:00:00-05|2021-11-10 08:26:47.226-05|2021-11-10 08:26:47.226-05
101|81|84|89|25|2021-11-12 00:00:00-05|2021-11-10 08:27:20.884-05|2021-11-10 08:27:20.884-05
102|81|84|89|25|2021-11-12 00:00:00-05|2021-11-10 08:54:37.794-05|2021-11-10 08:54:37.793-05
103|81|84|89|25|2021-11-11 00:00:00-05|2021-11-11 12:18:57.404-05|2021-11-11 12:18:57.404-05
104|81|84|89|25|2021-11-14 00:00:00-05|2021-11-14 12:26:55.488-05|2021-11-14 12:26:55.488-05
105|80|85|87|25|2021-12-24 00:00:00-05|2021-12-19 20:52:07.717-05|2021-12-19 20:52:07.717-05
106|80|84|87|25|2021-12-20 00:00:00-05|2021-12-19 20:52:07.716-05|2021-12-19 20:52:07.716-05
107|80|85|87|25|2021-12-24 00:00:00-05|2021-12-19 20:52:43.779-05|2021-12-19 20:52:43.779-05
108|80|84|87|25|2021-12-20 00:00:00-05|2021-12-19 20:52:43.779-05|2021-12-19 20:52:43.779-05
109|80|85|87|25|2021-12-24 00:00:00-05|2021-12-19 20:53:14.126-05|2021-12-19 20:53:14.126-05
110|80|84|87|25|2021-12-20 00:00:00-05|2021-12-19 20:53:14.126-05|2021-12-19 20:53:14.126-05
111|80|85|87|25|2021-12-24 00:00:00-05|2021-12-19 20:53:42.346-05|2021-12-19 20:53:42.346-05
112|80|84|87|25|2021-12-20 00:00:00-05|2021-12-19 20:53:42.346-05|2021-12-19 20:53:42.346-05
113|81|84|89|25|2021-12-20 00:00:00-05|2021-12-20 16:40:05.781-05|2021-12-20 16:40:05.781-05
114|80|84|88|25|2021-12-30 08:00:00-05|2021-12-30 01:19:28.134-05|2021-12-30 01:19:28.134-05
115|80|85|88|25|2021-12-30 10:00:00-05|2021-12-30 01:19:28.136-05|2021-12-30 01:19:28.136-05
116|81|84|89|25|2022-01-05 00:00:00-05|2022-01-05 12:39:29.955-05|2022-01-05 12:39:29.955-05
117|81|84|89|25|2022-01-07 00:00:00-05|2022-01-07 11:27:36.738-05|2022-01-07 11:27:36.738-05
118|81|84|89|25|2022-01-07 00:00:00-05|2022-01-07 11:38:45.734-05|2022-01-07 11:38:45.734-05
119|81|84|89|25|2022-01-07 00:00:00-05|2022-01-07 11:41:32.457-05|2022-01-07 11:41:32.457-05
120|81|84|89|25|2022-01-07 00:00:00-05|2022-01-07 11:41:56.942-05|2022-01-07 11:41:56.942-05
121|80|85|88|25|2021-12-30 10:00:00-05|2022-01-07 15:08:08.045-05|2022-01-07 15:08:08.045-05
122|80|84|88|25|2021-12-30 08:00:00-05|2022-01-07 15:08:08.045-05|2022-01-07 15:08:08.045-05
123|80|84|87|25|2021-07-28 00:00:00-04|2022-01-07 15:08:08.045-05|2022-01-07 15:08:08.045-05
124|80|85|88|25|2022-01-07 10:00:00-05|2022-01-07 16:31:18.133-05|2022-01-07 16:31:18.133-05
125|80|84|88|25|2022-01-07 08:00:00-05|2022-01-07 16:31:18.133-05|2022-01-07 16:31:18.133-05
126|80|84|87|25|2022-01-07 00:00:00-05|2022-01-07 16:31:18.133-05|2022-01-07 16:31:18.133-05
127|80|85|88|25|2022-01-07 10:00:00-05|2022-01-07 16:39:46.955-05|2022-01-07 16:39:46.955-05
128|80|84|88|25|2022-01-07 08:00:00-05|2022-01-07 16:39:46.955-05|2022-01-07 16:39:46.955-05
129|80|84|87|25|2022-01-07 00:00:00-05|2022-01-07 16:39:46.954-05|2022-01-07 16:39:46.954-05
130|80|85|88|25|2022-01-07 10:00:00-05|2022-01-07 16:41:44.516-05|2022-01-07 16:41:44.516-05
131|80|84|88|25|2022-01-07 08:00:00-05|2022-01-07 16:41:44.516-05|2022-01-07 16:41:44.516-05
132|80|84|87|25|2022-01-07 00:00:00-05|2022-01-07 16:41:44.516-05|2022-01-07 16:41:44.516-05
133|80|85|88|25|2022-01-07 10:00:00-05|2022-01-07 16:42:42.131-05|2022-01-07 16:42:42.131-05
134|80|84|88|25|2022-01-07 08:00:00-05|2022-01-07 16:42:42.131-05|2022-01-07 16:42:42.131-05
135|80|84|87|25|2022-01-07 00:00:00-05|2022-01-07 16:42:42.13-05|2022-01-07 16:42:42.13-05
136|80|85|88|25|2022-01-07 10:00:00-05|2022-01-07 16:42:57.464-05|2022-01-07 16:42:57.464-05
137|80|84|88|25|2022-01-07 08:00:00-05|2022-01-07 16:42:57.463-05|2022-01-07 16:42:57.463-05
138|80|84|87|25|2022-01-07 00:00:00-05|2022-01-07 16:42:57.463-05|2022-01-07 16:42:57.463-05
139|80|85|88|25|2022-01-07 10:00:00-05|2022-01-07 16:43:04.948-05|2022-01-07 16:43:04.948-05
140|80|84|88|25|2022-01-07 08:00:00-05|2022-01-07 16:43:04.948-05|2022-01-07 16:43:04.948-05
141|80|84|87|25|2022-01-07 00:00:00-05|2022-01-07 16:43:04.948-05|2022-01-07 16:43:04.948-05
142|80|85|88|25|2022-01-07 10:00:00-05|2022-01-07 16:43:17.35-05|2022-01-07 16:43:17.35-05
143|80|84|88|25|2022-01-07 08:00:00-05|2022-01-07 16:43:17.35-05|2022-01-07 16:43:17.35-05
144|80|84|87|25|2022-01-07 00:00:00-05|2022-01-07 16:43:17.35-05|2022-01-07 16:43:17.35-05
145|80|85|88|25|2022-01-07 10:00:00-05|2022-01-07 16:43:25.435-05|2022-01-07 16:43:25.435-05
146|80|84|88|25|2022-01-07 08:00:00-05|2022-01-07 16:43:25.434-05|2022-01-07 16:43:25.435-05
147|80|84|87|25|2022-01-07 00:00:00-05|2022-01-07 16:43:25.434-05|2022-01-07 16:43:25.434-05
148|80|85|88|25|2022-01-07 10:00:00-05|2022-01-07 16:43:29.615-05|2022-01-07 16:43:29.615-05
149|80|84|88|25|2022-01-07 08:00:00-05|2022-01-07 16:43:29.615-05|2022-01-07 16:43:29.615-05
150|80|84|87|25|2022-01-07 00:00:00-05|2022-01-07 16:43:29.615-05|2022-01-07 16:43:29.615-05
151|80|85|88|25|2022-01-07 10:00:00-05|2022-01-07 16:48:33.6-05|2022-01-07 16:48:33.6-05
152|80|84|88|25|2022-01-07 08:00:00-05|2022-01-07 16:48:33.6-05|2022-01-07 16:48:33.6-05
153|80|84|87|25|2022-01-07 00:00:00-05|2022-01-07 16:48:33.6-05|2022-01-07 16:48:33.6-05
154|80|85|88|25|2022-01-07 10:00:00-05|2022-01-07 16:49:51.092-05|2022-01-07 16:49:51.092-05
155|80|84|88|25|2022-01-07 08:00:00-05|2022-01-07 16:49:51.092-05|2022-01-07 16:49:51.092-05
156|80|84|87|25|2022-01-07 00:00:00-05|2022-01-07 16:49:51.091-05|2022-01-07 16:49:51.091-05
157|80|85|88|25|2022-01-07 10:00:00-05|2022-01-07 16:50:08.419-05|2022-01-07 16:50:08.419-05
158|80|84|88|25|2022-01-07 08:00:00-05|2022-01-07 16:50:08.419-05|2022-01-07 16:50:08.419-05
159|80|84|87|25|2022-01-07 00:00:00-05|2022-01-07 16:50:08.419-05|2022-01-07 16:50:08.419-05
160|80|85|88|25|2022-01-07 10:00:00-05|2022-01-07 16:52:01.741-05|2022-01-07 16:52:01.741-05
161|80|84|88|25|2022-01-07 08:00:00-05|2022-01-07 16:52:01.741-05|2022-01-07 16:52:01.741-05
162|80|84|87|25|2022-01-07 00:00:00-05|2022-01-07 16:52:01.74-05|2022-01-07 16:52:01.74-05
163|80|85|88|25|2022-01-07 10:00:00-05|2022-01-07 16:52:20.808-05|2022-01-07 16:52:20.808-05
164|80|84|88|25|2022-01-07 08:00:00-05|2022-01-07 16:52:20.808-05|2022-01-07 16:52:20.808-05
165|80|84|87|25|2022-01-07 00:00:00-05|2022-01-07 16:52:20.808-05|2022-01-07 16:52:20.808-05
166|80|85|88|25|2022-01-07 10:00:00-05|2022-01-07 16:56:18.71-05|2022-01-07 16:56:18.71-05
167|80|84|88|25|2022-01-07 08:00:00-05|2022-01-07 16:56:18.71-05|2022-01-07 16:56:18.71-05
168|80|84|87|25|2022-01-07 00:00:00-05|2022-01-07 16:56:18.709-05|2022-01-07 16:56:18.709-05
169|80|85|88|25|2022-01-07 10:00:00-05|2022-01-07 16:58:13.596-05|2022-01-07 16:58:13.596-05
170|80|84|88|25|2022-01-07 08:00:00-05|2022-01-07 16:58:13.596-05|2022-01-07 16:58:13.596-05
171|80|84|87|25|2022-01-07 00:00:00-05|2022-01-07 16:58:13.595-05|2022-01-07 16:58:13.595-05
172|80|85|88|25|2022-01-07 10:00:00-05|2022-01-07 16:58:33.188-05|2022-01-07 16:58:33.188-05
173|80|84|88|25|2022-01-07 08:00:00-05|2022-01-07 16:58:33.188-05|2022-01-07 16:58:33.188-05
174|80|84|87|25|2022-01-07 00:00:00-05|2022-01-07 16:58:33.187-05|2022-01-07 16:58:33.187-05
175|80|85|88|25|2022-01-07 10:00:00-05|2022-01-07 17:02:43.751-05|2022-01-07 17:02:43.751-05
176|80|84|88|25|2022-01-07 08:00:00-05|2022-01-07 17:02:43.75-05|2022-01-07 17:02:43.75-05
177|80|84|87|25|2022-01-07 00:00:00-05|2022-01-07 17:02:43.75-05|2022-01-07 17:02:43.75-05
178|80|85|88|25|2022-01-07 10:00:00-05|2022-01-07 17:07:26.981-05|2022-01-07 17:07:26.981-05
179|80|84|88|25|2022-01-07 08:00:00-05|2022-01-07 17:07:26.981-05|2022-01-07 17:07:26.981-05
180|80|84|87|25|2022-01-07 00:00:00-05|2022-01-07 17:07:26.98-05|2022-01-07 17:07:26.98-05
181|80|84|87|25|2022-01-07 00:00:00-05|2022-01-07 17:13:09.006-05|2022-01-07 17:13:09.006-05
182|80|85|87|25|2022-01-31 00:00:00-05|2022-01-08 13:02:00.858-05|2022-01-08 13:02:00.858-05
183|80|84|87|25|2022-01-01 00:00:00-05|2022-01-08 13:02:00.857-05|2022-01-08 13:02:00.857-05
184|80|85|87|25|2022-01-31 00:00:00-05|2022-01-08 13:04:45.214-05|2022-01-08 13:04:45.214-05
185|80|84|87|25|2022-01-01 00:00:00-05|2022-01-08 13:04:45.214-05|2022-01-08 13:04:45.214-05
186|80|85|87|25|2022-01-15 00:00:00-05|2022-01-08 14:13:32.966-05|2022-01-08 14:13:32.966-05
187|80|84|87|25|2022-01-09 00:00:00-05|2022-01-08 14:13:32.965-05|2022-01-08 14:13:32.965-05
188|80|85|88|25|2022-01-08 08:00:00-05|2022-01-08 14:25:21.885-05|2022-01-08 14:25:21.885-05
189|80|84|88|25|2022-01-08 06:00:00-05|2022-01-08 14:25:21.884-05|2022-01-08 14:25:21.884-05
190|80|84|87|25|2022-01-09 00:00:00-05|2022-01-08 14:25:21.884-05|2022-01-08 14:25:21.884-05
191|81|84|89|25|2022-01-08 00:00:00-05|2022-01-08 16:16:01.183-05|2022-01-08 16:16:01.183-05
192|81|84|89|25|2022-01-08 00:00:00-05|2022-01-08 16:16:34.912-05|2022-01-08 16:16:34.912-05
195|80|84|87|25|2022-01-08 00:00:00-05|2022-01-08 18:08:15.393-05|2022-01-08 18:08:15.393-05
198|80|84|87|25|2022-01-08 00:00:00-05|2022-01-08 18:09:26.617-05|2022-01-08 18:09:26.617-05
201|80|84|87|25|2022-01-08 00:00:00-05|2022-01-08 18:09:31.263-05|2022-01-08 18:09:31.263-05
204|80|84|87|25|2022-01-08 00:00:00-05|2022-01-08 18:09:35.749-05|2022-01-08 18:09:35.749-05
207|80|84|87|25|2022-01-08 00:00:00-05|2022-01-08 18:09:39.882-05|2022-01-08 18:09:39.882-05
197|80|84|88|25|2022-01-08 21:00:00-05|2022-01-08 18:09:26.617-05|2022-01-08 18:44:22.141433-05
196|80|85|88|25|2022-01-08 22:00:00-05|2022-01-08 18:09:26.617-05|2022-01-08 18:44:22.141641-05
200|80|84|88|25|2022-01-08 21:00:00-05|2022-01-08 18:09:31.265-05|2022-01-08 18:44:33.525741-05
199|80|85|88|25|2022-01-08 22:00:00-05|2022-01-08 18:09:31.266-05|2022-01-08 18:44:33.526018-05
203|80|84|88|25|2022-01-08 21:00:00-05|2022-01-08 18:09:35.749-05|2022-01-08 18:44:44.233316-05
202|80|85|88|25|2022-01-08 22:00:00-05|2022-01-08 18:09:35.75-05|2022-01-08 18:44:44.233521-05
206|80|84|88|25|2022-01-08 21:00:00-05|2022-01-08 18:09:39.882-05|2022-01-08 18:44:55.590824-05
205|80|85|88|25|2022-01-08 22:00:00-05|2022-01-08 18:09:39.883-05|2022-01-08 18:44:55.591032-05
194|80|84|88|25|2022-01-08 21:00:00-05|2022-01-08 18:08:15.395-05|2022-01-08 18:45:29.622787-05
193|80|85|88|25|2022-01-08 22:00:00-05|2022-01-08 18:08:15.395-05|2022-01-08 18:45:29.622998-05
208|81|84|89|25|2022-01-08 00:00:00-05|2022-01-08 19:40:20.868-05|2022-01-08 19:40:20.868-05
209|81|84|89|25|2022-01-10 00:00:00-05|2022-01-10 11:23:16.644-05|2022-01-10 11:23:16.644-05
210|81|84|89|25|2022-01-11 00:00:00-05|2022-01-11 13:31:33.997-05|2022-01-11 13:31:33.997-05
211|81|84|89|25|2022-01-12 00:00:00-05|2022-01-12 09:32:23.147-05|2022-01-12 09:32:23.149-05
212|81|84|89|25|2022-01-14 00:00:00-05|2022-01-14 11:52:39.622-05|2022-01-14 11:52:39.622-05
213|81|84|89|25|2022-01-14 00:00:00-05|2022-01-14 11:52:55.109-05|2022-01-14 11:52:55.109-05
214|81|84|89|25|2022-01-15 00:00:00-05|2022-01-14 13:27:30.892-05|2022-01-14 13:27:30.892-05
215|80|85|87|25|2022-06-28 01:00:00-04|2022-01-16 14:05:58.232-05|2022-01-16 14:05:58.232-05
216|80|84|87|25|2022-01-11 00:00:00-05|2022-01-16 14:05:58.232-05|2022-01-16 14:05:58.232-05
217|80|85|87|25|2022-06-28 01:00:00-04|2022-01-16 14:22:57.568-05|2022-01-16 14:22:57.568-05
218|80|84|87|25|2022-01-16 00:00:00-05|2022-01-16 14:22:57.568-05|2022-01-16 14:22:57.568-05
219|80|85|87|25|2022-06-28 01:00:00-04|2022-01-16 14:23:23.762-05|2022-01-16 14:23:23.762-05
220|80|84|87|25|2022-01-16 00:00:00-05|2022-01-16 14:23:23.762-05|2022-01-16 14:23:23.762-05
221|80|85|87|25|2022-06-28 01:00:00-04|2022-01-16 14:24:45.928-05|2022-01-16 14:24:45.928-05
222|80|84|87|25|2022-01-16 00:00:00-05|2022-01-16 14:24:45.928-05|2022-01-16 14:24:45.928-05
223|80|85|87|25|2022-06-28 01:00:00-04|2022-01-16 14:24:57.975-05|2022-01-16 14:24:57.975-05
224|80|84|87|25|2022-01-16 00:00:00-05|2022-01-16 14:24:57.974-05|2022-01-16 14:24:57.974-05
225|80|85|87|25|2022-06-28 01:00:00-04|2022-01-16 14:25:15.18-05|2022-01-16 14:25:15.18-05
226|80|84|87|25|2022-01-16 00:00:00-05|2022-01-16 14:25:15.18-05|2022-01-16 14:25:15.18-05
227|80|85|87|25|2022-06-28 01:00:00-04|2022-01-16 14:25:28.908-05|2022-01-16 14:25:28.908-05
228|80|84|87|25|2022-01-16 00:00:00-05|2022-01-16 14:25:28.908-05|2022-01-16 14:25:28.908-05
229|80|85|87|25|2022-06-28 01:00:00-04|2022-01-16 14:25:53.784-05|2022-01-16 14:25:53.784-05
230|80|84|87|25|2022-01-16 00:00:00-05|2022-01-16 14:25:53.783-05|2022-01-16 14:25:53.783-05
231|81|84|89|25|2022-01-18 00:00:00-05|2022-01-18 09:19:06.704-05|2022-01-18 09:19:06.704-05
232|81|84|89|25|2022-01-19 00:00:00-05|2022-01-19 09:37:08.735-05|2022-01-19 09:37:08.735-05
233|80|85|87|25|2022-01-28 00:00:00-05|2022-01-24 11:13:37.324-05|2022-01-24 11:13:37.324-05
234|80|84|87|25|2022-01-24 00:00:00-05|2022-01-24 11:13:37.323-05|2022-01-24 11:13:37.323-05
235|80|85|87|25|2022-01-28 00:00:00-05|2022-01-24 11:16:45.932-05|2022-01-24 11:16:45.932-05
236|80|84|87|25|2022-01-24 00:00:00-05|2022-01-24 11:16:45.932-05|2022-01-24 11:16:45.932-05
237|80|85|87|25|2022-01-28 00:00:00-05|2022-01-24 11:17:25.295-05|2022-01-24 11:17:25.295-05
238|80|84|87|25|2022-01-24 00:00:00-05|2022-01-24 11:17:25.295-05|2022-01-24 11:17:25.295-05
239|80|85|87|25|2022-01-24 00:00:00-05|2022-01-24 11:17:33.786-05|2022-01-24 11:17:33.786-05
240|80|84|87|25|2022-01-24 00:00:00-05|2022-01-24 11:17:33.785-05|2022-01-24 11:17:33.785-05
241|80|85|87|25|2022-01-24 00:00:00-05|2022-01-24 11:20:31.228-05|2022-01-24 11:20:31.228-05
242|80|84|87|25|2022-01-24 00:00:00-05|2022-01-24 11:20:31.228-05|2022-01-24 11:20:31.228-05
243|80|85|87|25|2022-01-28 00:00:00-05|2022-01-24 11:21:48.947-05|2022-01-24 11:21:48.947-05
244|80|84|87|25|2022-01-24 00:00:00-05|2022-01-24 11:21:48.947-05|2022-01-24 11:21:48.947-05
245|80|85|87|25|2022-01-28 00:00:00-05|2022-01-24 11:22:53.581-05|2022-01-24 11:22:53.581-05
246|80|84|87|25|2022-01-24 00:00:00-05|2022-01-24 11:22:53.581-05|2022-01-24 11:22:53.581-05
247|80|85|87|25|2022-01-28 00:00:00-05|2022-01-24 11:24:01.851-05|2022-01-24 11:24:01.851-05
248|80|84|87|25|2022-01-24 00:00:00-05|2022-01-24 11:24:01.851-05|2022-01-24 11:24:01.851-05
249|80|85|87|25|2022-01-28 00:00:00-05|2022-01-24 11:29:09.188-05|2022-01-24 11:29:09.188-05
250|80|84|87|25|2022-01-24 00:00:00-05|2022-01-24 11:29:09.188-05|2022-01-24 11:29:09.188-05
251|80|85|87|25|2022-01-28 00:00:00-05|2022-01-24 11:29:19.268-05|2022-01-24 11:29:19.268-05
252|80|84|87|25|2022-01-24 00:00:00-05|2022-01-24 11:29:19.268-05|2022-01-24 11:29:19.268-05
253|80|85|87|25|2022-01-28 00:00:00-05|2022-01-24 11:30:37.648-05|2022-01-24 11:30:37.648-05
254|80|84|87|25|2022-01-24 00:00:00-05|2022-01-24 11:30:37.647-05|2022-01-24 11:30:37.647-05
255|81|84|89|25|2022-01-24 00:00:00-05|2022-01-24 11:31:33.157-05|2022-01-24 11:31:33.157-05
256|81|84|89|25|2022-01-24 00:00:00-05|2022-01-24 11:47:30.053-05|2022-01-24 11:47:30.053-05
257|81|84|89|25|2022-02-10 00:00:00-05|2022-02-10 12:01:01.123-05|2022-02-10 12:01:01.126-05
258|81|84|89|25|2022-02-13 00:00:00-05|2022-02-13 11:56:18.592-05|2022-02-13 11:56:18.592-05
259|81|84|89|25|2022-02-13 00:00:00-05|2022-02-13 11:56:55.911-05|2022-02-13 11:56:55.911-05
260|81|84|89|25|2022-02-13 00:00:00-05|2022-02-13 12:13:29.831-05|2022-02-13 12:13:29.831-05
261|81|84|89|25|2022-02-13 00:00:00-05|2022-02-13 14:20:08.947-05|2022-02-13 14:20:08.947-05
262|81|84|89|25|2022-02-13 00:00:00-05|2022-02-13 17:10:25.4-05|2022-02-13 17:10:25.4-05
263|81|84|89|25|2022-02-07 00:00:00-05|2022-02-17 09:53:22.66-05|2022-02-17 09:53:22.66-05
264|81|84|89|25|2022-02-07 00:00:00-05|2022-02-17 09:54:26.718-05|2022-02-17 09:54:26.718-05
265|81|84|89|25|2022-02-23 00:00:00-05|2022-02-23 11:00:04.062-05|2022-02-23 11:00:04.062-05
266|81|84|89|25|2022-02-23 00:00:00-05|2022-02-23 13:39:59.937-05|2022-02-23 13:39:59.937-05
267|81|84|89|25|2022-02-23 00:00:00-05|2022-02-23 14:08:38.566-05|2022-02-23 14:08:38.566-05
268|81|84|89|25|2022-02-23 00:00:00-05|2022-02-24 07:53:40.973-05|2022-02-24 07:53:40.974-05
269|81|84|89|25|2022-02-23 00:00:00-05|2022-02-24 07:54:53.667-05|2022-02-24 07:54:53.667-05
270|81|84|89|25|2022-02-24 00:00:00-05|2022-02-24 11:13:31.955-05|2022-02-24 11:13:31.955-05
271|81|84|89|25|2022-02-24 00:00:00-05|2022-02-24 11:20:01.493-05|2022-02-24 11:20:01.493-05
272|81|84|89|25|2022-03-08 00:00:00-05|2022-03-08 08:19:53.243-05|2022-03-08 08:19:53.243-05
273|81|84|89|25|2022-03-08 00:00:00-05|2022-03-08 08:20:20.559-05|2022-03-08 08:20:20.559-05
274|81|84|89|25|2022-03-08 00:00:00-05|2022-03-08 08:20:49.1-05|2022-03-08 08:20:49.1-05
275|81|84|89|25|2022-03-08 00:00:00-05|2022-03-08 08:35:36.266-05|2022-03-08 08:35:36.266-05
276|81|84|89|25|2022-03-08 00:00:00-05|2022-03-08 10:24:43.852-05|2022-03-08 10:24:43.852-05
277|81|84|89|25|2022-03-08 00:00:00-05|2022-03-08 10:24:54.066-05|2022-03-08 10:24:54.066-05
278|81|84|89|25|2022-03-08 00:00:00-05|2022-03-08 10:24:59.987-05|2022-03-08 10:24:59.987-05
279|80|85|88|25|2022-03-16 14:00:00-04|2022-03-16 20:41:47.745-04|2022-03-16 20:41:47.745-04
280|80|84|88|25|2022-03-16 13:00:00-04|2022-03-16 20:41:47.745-04|2022-03-16 20:41:47.745-04
281|80|84|87|25|2022-03-16 00:00:00-04|2022-03-16 20:41:47.744-04|2022-03-16 20:41:47.744-04
282|80|85|87|25|2022-03-27 00:00:00-04|2022-03-20 11:45:57.447-04|2022-03-20 11:45:57.447-04
283|80|84|87|25|2022-03-20 00:00:00-04|2022-03-20 11:45:57.447-04|2022-03-20 11:45:57.447-04
284|80|85|88|25|2022-03-22 01:55:00-04|2022-03-22 09:21:04.771-04|2022-03-22 09:21:04.771-04
285|80|84|88|25|2022-03-22 11:15:00-04|2022-03-22 09:21:04.771-04|2022-03-22 09:21:04.771-04
286|80|85|87|25|2022-03-22 00:00:00-04|2022-03-22 09:21:04.771-04|2022-03-22 09:21:04.771-04
287|80|84|87|25|2022-03-22 00:00:00-04|2022-03-22 09:21:04.768-04|2022-03-22 09:21:04.768-04
288|80|85|88|25|2022-03-22 13:55:00-04|2022-03-22 10:10:40.874-04|2022-03-22 10:10:40.874-04
289|80|84|88|25|2022-03-22 11:15:00-04|2022-03-22 10:10:40.874-04|2022-03-22 10:10:40.874-04
290|80|85|87|25|2022-03-25 00:00:00-04|2022-03-22 10:10:40.873-04|2022-03-22 10:10:40.873-04
291|80|84|87|25|2022-03-22 00:00:00-04|2022-03-22 10:10:40.873-04|2022-03-22 10:10:40.873-04
292|81|84|89|25|2022-03-24 00:00:00-04|2022-03-24 14:26:03.953-04|2022-03-24 14:26:03.953-04
293|80|85|87|25|2022-03-27 00:00:00-04|2022-03-24 21:11:20.205-04|2022-03-24 21:11:20.205-04
294|80|84|87|25|2022-03-20 00:00:00-04|2022-03-24 21:11:20.204-04|2022-03-24 21:11:20.204-04
295|80|84|87|25|2022-03-24 00:00:00-04|2022-03-24 21:13:13.633-04|2022-03-24 21:13:13.633-04
296|80|85|87|25|2022-04-02 00:00:00-04|2022-03-25 09:45:20.707-04|2022-03-25 09:45:20.707-04
297|80|84|87|25|2022-03-27 00:00:00-04|2022-03-25 09:45:20.707-04|2022-03-25 09:45:20.707-04
298|80|85|87|25|2022-03-26 00:00:00-04|2022-03-26 11:20:03.518-04|2022-03-26 11:20:03.518-04
299|80|84|87|25|2022-03-26 00:00:00-04|2022-03-26 11:20:03.517-04|2022-03-26 11:20:03.517-04
300|80|85|87|25|2022-03-26 00:00:00-04|2022-03-26 11:22:23.778-04|2022-03-26 11:22:23.778-04
301|80|84|87|25|2022-03-26 00:00:00-04|2022-03-26 11:22:23.777-04|2022-03-26 11:22:23.777-04
302|80|85|87|25|2022-03-26 00:00:00-04|2022-03-26 11:29:14.981-04|2022-03-26 11:29:14.981-04
303|80|84|87|25|2022-03-26 00:00:00-04|2022-03-26 11:29:14.981-04|2022-03-26 11:29:14.981-04
304|80|85|87|25|2022-03-26 00:00:00-04|2022-03-26 11:44:45.343-04|2022-03-26 11:44:45.343-04
305|80|84|87|25|2022-03-26 00:00:00-04|2022-03-26 11:44:45.342-04|2022-03-26 11:44:45.342-04
306|81|84|89|25|2022-04-01 00:00:00-04|2022-04-01 13:47:42.909-04|2022-04-01 13:47:42.909-04
307|81|84|89|25|2022-04-01 00:00:00-04|2022-04-01 13:47:42.916-04|2022-04-01 13:47:42.916-04
308|81|84|89|25|2022-04-04 00:00:00-04|2022-04-04 08:20:10.29-04|2022-04-04 08:20:10.29-04
309|81|84|89|25|2022-04-04 00:00:00-04|2022-04-04 08:20:10.303-04|2022-04-04 08:20:10.303-04
310|81|84|89|25|2022-04-05 00:00:00-04|2022-04-04 23:46:58.917-04|2022-04-04 23:46:58.917-04
311|81|84|89|25|2022-04-05 00:00:00-04|2022-04-04 23:46:59.024-04|2022-04-04 23:46:59.024-04
312|81|84|89|25|2022-04-05 00:00:00-04|2022-04-05 22:50:19.309-04|2022-04-05 22:50:19.309-04
313|81|84|89|25|2022-04-05 00:00:00-04|2022-04-05 22:50:19.376-04|2022-04-05 22:50:19.376-04
314|81|84|89|25|2022-04-06 00:00:00-04|2022-04-07 10:01:11.16-04|2022-04-07 10:01:11.16-04
315|81|84|89|25|2022-04-06 00:00:00-04|2022-04-07 10:01:11.17-04|2022-04-07 10:01:11.17-04
316|80|85|87|25|2022-04-09 00:00:00-04|2022-04-07 17:14:58.671-04|2022-04-07 17:14:58.671-04
317|80|84|87|25|2022-04-03 00:00:00-04|2022-04-07 17:14:58.67-04|2022-04-07 17:14:58.67-04
318|81|84|89|25|2022-04-03 00:00:00-04|2022-04-07 17:52:47.977-04|2022-04-07 17:52:47.977-04
319|81|84|89|25|2022-04-09 23:59:59-04|2022-04-07 17:52:48.053-04|2022-04-07 17:52:48.053-04
320|81|84|89|25|2022-04-03 00:00:00-04|2022-04-07 17:53:00.205-04|2022-04-07 17:53:00.205-04
321|81|84|89|25|2022-04-09 23:59:59-04|2022-04-07 17:53:00.217-04|2022-04-07 17:53:00.217-04
322|81|84|89|25|2022-04-03 00:00:00-04|2022-04-07 17:54:19.586-04|2022-04-07 17:54:19.586-04
323|81|84|89|25|2022-04-09 23:59:59-04|2022-04-07 17:54:19.592-04|2022-04-07 17:54:19.592-04
324|81|84|89|25|2022-04-12 00:00:00-04|2022-04-12 07:28:59.619-04|2022-04-12 07:28:59.619-04
325|81|84|89|25|2022-04-12 00:00:00-04|2022-04-12 07:28:59.629-04|2022-04-12 07:28:59.629-04
326|81|84|89|25|2022-04-12 00:00:00-04|2022-04-12 08:40:29.063-04|2022-04-12 08:40:29.063-04
327|81|84|89|25|2022-04-12 00:00:00-04|2022-04-12 08:40:29.068-04|2022-04-12 08:40:29.068-04
328|80|85|87|25|2022-04-17 00:00:00-04|2022-04-12 19:49:35.458-04|2022-04-12 19:49:35.458-04
329|80|84|87|25|2022-04-12 00:00:00-04|2022-04-12 19:49:35.456-04|2022-04-12 19:49:35.456-04
330|81|84|89|25|2022-04-13 00:00:00-04|2022-04-12 19:50:32.986-04|2022-04-12 19:50:32.986-04
331|81|84|89|25|2022-04-13 00:00:00-04|2022-04-12 19:50:32.99-04|2022-04-12 19:50:32.99-04
332|81|84|89|25|2022-04-13 00:00:00-04|2022-04-13 09:04:11.95-04|2022-04-13 09:04:11.95-04
333|81|84|89|25|2022-04-13 00:00:00-04|2022-04-13 09:04:11.954-04|2022-04-13 09:04:11.954-04
334|81|84|89|25|2022-04-13 00:00:00-04|2022-04-13 10:22:13.299-04|2022-04-13 10:22:13.299-04
335|81|84|89|25|2022-04-13 00:00:00-04|2022-04-13 10:22:13.303-04|2022-04-13 10:22:13.303-04
336|81|84|89|25|2022-04-15 00:00:00-04|2022-04-15 12:00:37.745-04|2022-04-15 12:00:37.745-04
337|81|84|89|25|2022-04-15 00:00:00-04|2022-04-15 12:00:37.756-04|2022-04-15 12:00:37.756-04
338|81|84|89|25|2022-04-15 00:00:00-04|2022-04-15 12:02:08.698-04|2022-04-15 12:02:08.697-04
339|81|84|89|25|2022-04-15 00:00:00-04|2022-04-15 12:02:08.7-04|2022-04-15 12:02:08.7-04
340|81|84|89|25|2022-04-15 00:00:00-04|2022-04-15 12:02:41.848-04|2022-04-15 12:02:41.848-04
341|81|84|89|25|2022-04-15 00:00:00-04|2022-04-15 12:02:41.853-04|2022-04-15 12:02:41.853-04
342|81|84|89|25|2022-04-15 00:00:00-04|2022-04-15 15:44:23.275-04|2022-04-15 15:44:23.275-04
343|81|84|89|25|2022-04-15 00:00:00-04|2022-04-15 15:44:23.282-04|2022-04-15 15:44:23.282-04
344|81|84|89|25|2022-04-15 00:00:00-04|2022-04-15 15:44:33.638-04|2022-04-15 15:44:33.638-04
345|81|84|89|25|2022-04-15 00:00:00-04|2022-04-15 15:44:33.64-04|2022-04-15 15:44:33.64-04
346|80|85|87|25|2022-04-20 00:00:00-04|2022-04-20 10:54:24.276-04|2022-04-20 10:54:24.276-04
347|80|84|87|25|2022-04-20 00:00:00-04|2022-04-20 10:54:24.275-04|2022-04-20 10:54:24.275-04
348|80|84|87|25|2022-04-20 00:00:00-04|2022-04-20 10:55:19.221-04|2022-04-20 10:55:19.221-04
349|80|85|87|25|2022-05-01 00:00:00-04|2022-04-20 15:21:28.05-04|2022-04-20 15:21:28.05-04
350|80|84|87|25|2022-04-20 00:00:00-04|2022-04-20 15:21:28.05-04|2022-04-20 15:21:28.05-04
351|81|84|89|25|2022-04-21 00:00:00-04|2022-04-21 10:40:19.586-04|2022-04-21 10:40:19.586-04
352|81|84|89|25|2022-04-21 00:00:00-04|2022-04-21 10:40:19.595-04|2022-04-21 10:40:19.595-04
353|80|85|87|25|2022-04-22 00:00:00-04|2022-04-22 10:01:10.741-04|2022-04-22 10:01:10.741-04
354|80|84|87|25|2022-04-21 00:00:00-04|2022-04-22 10:01:10.74-04|2022-04-22 10:01:10.74-04
355|81|84|89|25|2022-04-22 00:00:00-04|2022-04-22 12:40:00.29-04|2022-04-22 12:40:00.29-04
356|81|84|89|25|2022-04-22 00:00:00-04|2022-04-22 12:40:00.31-04|2022-04-22 12:40:00.31-04
357|80|85|87|25|2022-04-26 00:00:00-04|2022-04-26 08:42:49.906-04|2022-04-26 08:42:49.906-04
358|80|84|87|25|2022-04-25 00:00:00-04|2022-04-26 08:42:49.906-04|2022-04-26 08:42:49.906-04
359|81|84|89|25|2022-04-27 00:00:00-04|2022-04-27 12:54:45.996-04|2022-04-27 12:54:45.996-04
360|81|84|89|25|2022-04-27 00:00:00-04|2022-04-27 12:54:46.017-04|2022-04-27 12:54:46.017-04
361|81|84|89|25|2022-04-27 00:00:00-04|2022-04-27 12:55:19.432-04|2022-04-27 12:55:19.432-04
362|81|84|89|25|2022-04-27 00:00:00-04|2022-04-27 12:55:19.436-04|2022-04-27 12:55:19.436-04
363|80|85|87|25|2022-05-05 00:00:00-04|2022-04-27 13:00:29.421-04|2022-04-27 13:00:29.421-04
364|80|84|87|25|2022-04-27 00:00:00-04|2022-04-27 13:00:29.42-04|2022-04-27 13:00:29.42-04
365|80|85|87|25|2022-05-04 00:00:00-04|2022-04-28 11:15:21.653-04|2022-04-28 11:15:21.653-04
366|80|84|87|25|2022-04-28 00:00:00-04|2022-04-28 11:15:21.652-04|2022-04-28 11:15:21.652-04
367|80|85|87|25|2022-05-04 00:00:00-04|2022-04-28 11:16:00.514-04|2022-04-28 11:16:00.514-04
368|80|84|87|25|2022-04-28 00:00:00-04|2022-04-28 11:16:00.514-04|2022-04-28 11:16:00.514-04
369|80|85|87|25|2022-05-04 00:00:00-04|2022-04-28 12:26:54.36-04|2022-04-28 12:26:54.36-04
370|80|84|87|25|2022-04-28 00:00:00-04|2022-04-28 12:26:54.36-04|2022-04-28 12:26:54.36-04
371|80|85|87|25|2022-04-25 00:00:00-04|2022-04-28 17:02:33.103-04|2022-04-28 17:02:33.103-04
372|80|84|87|25|2022-04-25 00:00:00-04|2022-04-28 17:02:33.102-04|2022-04-28 17:02:33.102-04
373|80|85|87|25|2022-05-08 00:00:00-04|2022-05-06 18:20:10.275-04|2022-05-06 18:20:10.275-04
374|80|84|87|25|2022-05-06 00:00:00-04|2022-05-06 18:20:10.275-04|2022-05-06 18:20:10.275-04
375|80|85|88|25|2022-05-06 07:10:00-04|2022-05-06 20:32:00.912-04|2022-05-06 20:32:00.912-04
376|80|84|88|25|2022-05-06 07:00:00-04|2022-05-06 20:32:00.912-04|2022-05-06 20:32:00.912-04
377|80|85|87|25|2022-05-13 00:00:00-04|2022-05-06 20:32:00.911-04|2022-05-06 20:32:00.911-04
378|80|84|87|25|2022-05-09 00:00:00-04|2022-05-06 20:32:00.911-04|2022-05-06 20:32:00.911-04
